episode,step,playerX,playerY,playerZ,enemyX,enemyY,enemyZ,distance,direction,stateIndex,action,reward
0,0, 0.025,0.000,0.000, 10.000,0.000,0.000, 1,0,8, SPRINT,0.300
0,1, 0.039,0.000,0.000, 10.000,0.000,0.000, 1,0,8, SPRINT,0.000
0,2, 0.047,0.000,0.000, 10.000,0.000,0.000, 1,6,14, TURN_RIGHT_90,-0.050
0,3, 0.070,0.000,0.000, 10.000,0.000,0.000, 1,6,14, STRAFE_LEFT,0.000
0,4, 0.102,0.000,0.025, 10.000,0.000,0.000, 1,6,14, SPRINT,0.000
0,5, 0.095,0.000,0.058, 10.000,0.000,0.000, 1,4,12, TURN_RIGHT_90,-0.050
0,6, 0.091,0.000,0.096, 10.000,0.000,0.000, 1,4,12, SPRINT,0.000
0,7, 0.063,0.000,0.136, 10.000,0.000,0.000, 1,4,12, SPRINT,0.000
0,8, 0.023,0.420,0.177, 10.000,0.000,0.000, 1,4,12, JUMP,-0.020
0,9, -0.014,0.753,0.234, 10.000,0.000,0.000, 2,4,20, SPRINT,0.000
0,10, -0.028,1.001,0.305, 10.000,0.000,0.000, 2,4,20, MOVE_BACK,0.000
0,11, -0.021,1.166,0.390, 10.000,0.000,0.000, 2,4,20, JUMP,-0.020
0,12, 0.004,1.249,0.486, 10.000,0.000,0.000, 2,4,20, SPRINT,0.000
0,13, 0.047,1.252,0.593, 10.000,0.000,0.000, 1,4,12, SPRINT,0.300
0,14, 0.105,1.177,0.690, 10.000,0.000,0.000, 1,4,12, STRAFE_LEFT,0.000
0,15, 0.178,1.024,0.779, 10.000,0.000,0.000, 1,4,12, SPRINT,0.000
0,16, 0.263,0.797,0.859, 10.000,0.000,0.000, 1,4,12, SPRINT,0.000
0,17, 0.360,0.495,0.932, 10.000,0.000,0.000, 1,4,12, SPRINT,0.000
0,18, 0.468,0.121,0.999, 10.000,0.000,0.000, 1,4,12, SPRINT,0.000
0,19, 0.586,0.000,1.060, 10.000,0.000,0.000, 1,4,12, SPRINT,0.000
0,20, 0.669,0.000,1.093, 10.000,0.000,0.000, 1,4,12, SPRINT,0.000
0,21, 0.734,0.000,1.111, 10.000,0.000,0.000, 1,4,12, SPRINT,0.000
0,22, 0.784,0.000,1.107, 10.000,0.000,0.000, 1,5,13, TURN_LEFT_45,0.150
0,23, 0.824,0.000,1.091, 10.000,0.000,0.000, 1,5,13, SPRINT,0.000
0,24, 0.860,0.000,1.069, 10.000,0.000,0.000, 1,5,13, SPRINT,0.000
0,25, 0.894,0.000,1.043, 10.000,0.000,0.000, 1,5,13, SPRINT,0.000
0,26, 0.926,0.000,1.015, 10.000,0.000,0.000, 1,5,13, SPRINT,0.000
0,27, 0.963,0.000,1.000, 10.000,0.000,0.000, 1,4,12, TURN_RIGHT_45,-0.050
0,28, 0.996,0.000,0.978, 10.000,0.000,0.000, 1,5,13, TURN_LEFT_45,0.150
0,29, 1.029,0.000,0.952, 10.000,0.000,0.000, 1,5,13, SPRINT,0.000
0,30, 1.046,0.000,0.938, 10.000,0.000,0.000, 1,5,13, MOVE_BACK,0.000
0,31, 1.056,0.000,0.930, 10.000,0.000,0.000, 1,3,11, TURN_RIGHT_90,-0.050
0,32, 1.043,0.000,0.908, 10.000,0.000,0.000, 1,3,11, SPRINT,0.000
0,33, 1.018,0.000,0.878, 10.000,0.000,0.000, 1,3,11, MOVE_BACK,0.000
0,34, 1.005,0.000,0.862, 10.000,0.000,0.000, 1,3,11, SPRINT,0.000
0,35, 0.984,0.000,0.867, 10.000,0.000,0.000, 1,3,11, STRAFE_LEFT,0.000
0,36, 0.959,0.000,0.883, 10.000,0.000,0.000, 1,3,11, STRAFE_RIGHT,0.000
0,37, 0.913,0.000,0.888, 10.000,0.000,0.000, 1,3,11, SPRINT,0.000
0,38, 0.875,0.000,0.904, 10.000,0.000,0.000, 1,3,11, SPRINT,0.000
0,39, 0.822,0.000,0.909, 10.000,0.000,0.000, 1,3,11, SPRINT,0.000
0,40, 0.780,0.000,0.926, 10.000,0.000,0.000, 1,3,11, SPRINT,0.000
0,41, 0.725,0.000,0.930, 10.000,0.000,0.000, 1,3,11, SPRINT,0.000
0,42, 0.681,0.000,0.947, 10.000,0.000,0.000, 1,3,11, SPRINT,0.000
0,43, 0.626,0.000,0.952, 10.000,0.000,0.000, 1,3,11, SPRINT,0.000
0,44, 0.582,0.000,0.968, 10.000,0.000,0.000, 1,3,11, SPRINT,0.000
0,45, 0.526,0.000,0.973, 10.000,0.000,0.000, 1,3,11, SPRINT,0.000
0,46, 0.464,0.000,0.971, 10.000,0.000,0.000, 1,3,11, ATTACK,-0.500
0,47, 0.399,0.000,0.966, 10.000,0.000,0.000, 1,3,11, MOVE_BACK,0.000
0,48, 0.349,0.000,0.977, 10.000,0.000,0.000, 1,3,11, SPRINT,0.000
0,49, 0.291,0.000,0.979, 10.000,0.000,0.000, 1,3,11, SPRINT,0.000
0,50, 0.263,0.000,0.949, 10.000,0.000,0.000, 1,1,9, TURN_RIGHT_90,0.150
0,51, 0.234,0.000,0.918, 10.000,0.000,0.000, 1,1,9, SPRINT,0.000
0,52, 0.222,0.000,0.870, 10.000,0.000,0.000, 1,1,9, SPRINT,0.000
0,53, 0.202,0.000,0.830, 10.000,0.000,0.000, 1,1,9, SPRINT,0.000
0,54, 0.195,0.000,0.777, 10.000,0.000,0.000, 1,1,9, SPRINT,0.000
0,55, 0.178,0.000,0.734, 10.000,0.000,0.000, 1,1,9, SPRINT,0.000
0,56, 0.172,0.000,0.679, 10.000,0.000,0.000, 1,1,9, SPRINT,0.000
0,57, 0.155,0.000,0.635, 10.000,0.000,0.000, 1,1,9, SPRINT,0.000
0,58, 0.150,0.000,0.579, 10.000,0.000,0.000, 1,1,9, SPRINT,0.000
0,59, 0.134,0.000,0.535, 10.000,0.000,0.000, 1,1,9, SPRINT,0.000
0,60, 0.129,0.000,0.480, 10.000,0.000,0.000, 1,1,9, SPRINT,0.000
0,61, 0.113,0.000,0.435, 10.000,0.000,0.000, 1,1,9, SPRINT,0.000
0,62, 0.084,0.000,0.411, 10.000,0.000,0.000, 1,2,10, TURN_LEFT_45,-0.050
0,63, 0.049,0.000,0.398, 10.000,0.000,0.000, 1,2,10, STRAFE_RIGHT,0.000
0,64, 0.017,0.000,0.405, 10.000,0.000,0.000, 1,3,11, TURN_LEFT_45,-0.050
0,65, -0.015,0.000,0.395, 10.000,0.000,0.000, 2,1,17, TURN_RIGHT_90,0.150
0,66, -0.028,0.000,0.357, 10.000,0.000,0.000, 2,1,17, SPRINT,0.000
0,67, -0.049,0.000,0.323, 10.000,0.000,0.000, 2,1,17, SPRINT,0.000
0,68, -0.056,0.000,0.273, 10.000,0.000,0.000, 2,1,17, SPRINT,0.000
0,69, -0.074,0.000,0.232, 10.000,0.000,0.000, 2,1,17, SPRINT,0.000
0,70, -0.080,0.000,0.178, 10.000,0.000,0.000, 2,1,17, SPRINT,0.000
0,71, -0.097,0.000,0.135, 10.000,0.000,0.000, 2,1,17, SPRINT,0.000
0,72, -0.102,0.000,0.080, 10.000,0.000,0.000, 2,1,17, SPRINT,0.000
0,73, -0.118,0.000,0.036, 10.000,0.000,0.000, 2,1,17, SPRINT,0.000
0,74, -0.123,0.000,-0.020, 10.000,0.000,0.000, 2,1,17, SPRINT,0.000
0,75, -0.139,0.000,-0.064, 10.000,0.000,0.000, 2,1,17, SPRINT,0.000
0,76, -0.144,0.000,-0.120, 10.000,0.000,0.000, 2,1,17, SPRINT,0.000
0,77, -0.161,0.000,-0.164, 10.000,0.000,0.000, 2,1,17, SPRINT,0.000
0,78, -0.165,0.000,-0.219, 10.000,0.000,0.000, 2,1,17, SPRINT,0.000
0,79, -0.182,0.000,-0.264, 10.000,0.000,0.000, 2,1,17, SPRINT,0.000
0,80, -0.187,0.000,-0.319, 10.000,0.000,0.000, 2,1,17, SPRINT,0.000
0,81, -0.203,0.000,-0.363, 10.000,0.000,0.000, 2,1,17, SPRINT,0.000
0,82, -0.198,0.000,-0.401, 10.000,0.000,0.000, 2,7,23, TURN_RIGHT_90,-0.050
0,83, -0.182,0.000,-0.408, 10.000,0.000,0.000, 2,5,21, TURN_RIGHT_90,-0.050
0,84, -0.177,0.000,-0.380, 10.000,0.000,0.000, 2,5,21, SPRINT,0.000
0,85, -0.161,0.000,-0.352, 10.000,0.000,0.000, 2,5,21, SPRINT,0.000
0,86, -0.138,0.000,-0.349, 10.000,0.000,0.000, 2,7,23, TURN_LEFT_90,0.150
0,87, -0.094,0.000,-0.344, 10.000,0.000,0.000, 2,7,23, SPRINT,0.000
0,88, -0.056,0.000,-0.355, 10.000,0.000,0.000, 2,7,23, SPRINT,0.000
0,89, -0.004,0.000,-0.357, 10.000,0.000,0.000, 2,7,23, SPRINT,0.000
0,90, 0.038,0.000,-0.372, 10.000,0.000,0.000, 1,7,15, SPRINT,0.300
0,91, 0.075,0.000,-0.366, 10.000,0.000,0.000, 1,5,13, TURN_RIGHT_90,-0.050
0,92, 0.091,0.000,-0.331, 10.000,0.000,0.000, 1,5,13, SPRINT,0.000
0,93, 0.113,0.000,-0.299, 10.000,0.000,0.000, 1,5,13, SPRINT,0.000
0,94, 0.122,0.000,-0.249, 10.000,0.000,0.000, 1,5,13, SPRINT,0.000
0,95, 0.140,0.000,-0.208, 10.000,0.000,0.000, 1,5,13, SPRINT,0.000
0,96, 0.146,0.000,-0.155, 10.000,0.000,0.000, 1,5,13, SPRINT,0.000
0,97, 0.163,0.000,-0.111, 10.000,0.000,0.000, 1,5,13, SPRINT,0.000
0,98, 0.168,0.000,-0.056, 10.000,0.000,0.000, 1,5,13, SPRINT,0.000
0,99, 0.184,0.000,-0.012, 10.000,0.000,0.000, 1,5,13, SPRINT,0.000
0,100, 0.189,0.000,0.043, 10.000,0.000,0.000, 1,5,13, SPRINT,0.000
0,101, 0.205,0.000,0.087, 10.000,0.000,0.000, 1,5,13, SPRINT,0.000
0,102, 0.214,0.000,0.131, 10.000,0.000,0.000, 1,4,12, TURN_RIGHT_45,-0.050
0,103, 0.233,0.000,0.168, 10.000,0.000,0.000, 1,5,13, TURN_LEFT_45,0.150
0,104, 0.239,0.000,0.220, 10.000,0.000,0.000, 1,5,13, SPRINT,0.000
0,105, 0.256,0.000,0.262, 10.000,0.000,0.000, 1,5,13, SPRINT,0.000
0,106, 0.261,0.000,0.317, 10.000,0.000,0.000, 1,5,13, SPRINT,0.000
0,107, 0.278,0.000,0.361, 10.000,0.000,0.000, 1,5,13, SPRINT,0.000
0,108, 0.283,0.000,0.416, 10.000,0.000,0.000, 1,5,13, SPRINT,0.000
0,109, 0.299,0.000,0.460, 10.000,0.000,0.000, 1,5,13, SPRINT,0.000
0,110, 0.295,0.000,0.498, 10.000,0.000,0.000, 1,3,11, TURN_RIGHT_90,-0.050
0,111, 0.306,0.000,0.532, 10.000,0.000,0.000, 1,5,13, TURN_LEFT_90,-0.050
0,112, 0.308,0.000,0.582, 10.000,0.000,0.000, 1,5,13, SPRINT,0.000
0,113, 0.322,0.000,0.624, 10.000,0.000,0.000, 1,5,13, SPRINT,0.000
0,114, 0.326,0.000,0.678, 10.000,0.000,0.000, 1,5,13, SPRINT,0.000
0,115, 0.324,0.000,0.739, 10.000,0.000,0.000, 1,5,13, MOVE_BACK,0.000
0,116, 0.337,0.000,0.786, 10.000,0.000,0.000, 1,5,13, SPRINT,0.000
0,117, 0.340,0.000,0.843, 10.000,0.000,0.000, 1,5,13, SPRINT,0.000
0,118, 0.355,0.000,0.888, 10.000,0.000,0.000, 1,5,13, SPRINT,0.000
0,119, 0.359,0.000,0.945, 10.000,0.000,0.000, 1,5,13, SPRINT,0.000
0,120, 0.375,0.000,0.989, 10.000,0.000,0.000, 1,5,13, SPRINT,0.000
0,121, 0.380,0.000,1.045, 10.000,0.000,0.000, 1,5,13, SPRINT,0.000
0,122, 0.396,0.000,1.089, 10.000,0.000,0.000, 1,5,13, SPRINT,0.000
0,123, 0.401,0.000,1.145, 10.000,0.000,0.000, 1,5,13, SPRINT,0.000
0,124, 0.417,0.000,1.189, 10.000,0.000,0.000, 1,5,13, SPRINT,0.000
0,125, 0.440,0.000,1.227, 10.000,0.000,0.000, 1,5,13, ATTACK,-0.500
0,126, 0.448,0.000,1.279, 10.000,0.000,0.000, 1,5,13, SPRINT,0.000
0,127, 0.449,0.000,1.339, 10.000,0.000,0.000, 1,5,13, MOVE_BACK,0.000
0,128, 0.463,0.000,1.386, 10.000,0.000,0.000, 1,5,13, SPRINT,0.000
0,129, 0.466,0.000,1.443, 10.000,0.000,0.000, 1,5,13, SPRINT,0.000
0,130, 0.482,0.000,1.488, 10.000,0.000,0.000, 1,5,13, SPRINT,0.000
0,131, 0.510,0.000,1.512, 10.000,0.000,0.000, 1,6,14, TURN_LEFT_45,0.150
0,132, 0.544,0.000,1.551, 10.000,0.000,0.000, 1,6,14, SPRINT,0.000
0,133, 0.583,0.000,1.572, 10.000,0.000,0.000, 1,6,14, SPRINT,0.000
0,134, 0.623,0.000,1.609, 10.000,0.000,0.000, 1,6,14, SPRINT,0.000
0,135, 0.677,0.000,1.633, 10.000,0.000,0.000, 1,7,15, TURN_LEFT_45,0.150
0,136, 0.738,0.000,1.650, 10.000,0.000,0.000, 1,7,15, MOVE_FORWARD,0.000
0,137, 0.785,0.000,1.646, 10.000,0.000,0.000, 1,7,15, SPRINT,0.000
0,138, 0.842,0.000,1.648, 10.000,0.000,0.000, 1,7,15, SPRINT,0.000
0,139, 0.887,0.000,1.635, 10.000,0.000,0.000, 1,7,15, SPRINT,0.000
0,140, 0.943,0.000,1.632, 10.000,0.000,0.000, 1,7,15, SPRINT,0.000
0,141, 0.992,0.000,1.649, 10.000,0.000,0.000, 1,7,15, STRAFE_LEFT,0.000
0,142, 1.018,0.000,1.658, 10.000,0.000,0.000, 1,7,15, SPRINT,0.000
0,143, 1.051,0.000,1.680, 10.000,0.000,0.000, 1,7,15, SPRINT,0.000
0,144, 1.068,0.000,1.693, 10.000,0.000,0.000, 1,7,15, SPRINT,0.000
0,145, 1.096,0.000,1.717, 10.000,0.000,0.000, 1,7,15, SPRINT,0.000
0,146, 1.111,0.000,1.731, 10.000,0.000,0.000, 1,7,15, SPRINT,0.000
0,147, 1.137,0.000,1.756, 10.000,0.000,0.000, 1,7,15, SPRINT,0.000
0,148, 1.151,0.000,1.770, 10.000,0.000,0.000, 1,7,15, SPRINT,0.000
0,149, 1.177,0.000,1.795, 10.000,0.000,0.000, 1,7,15, SPRINT,0.000
0,150, 1.191,0.000,1.809, 10.000,0.000,0.000, 1,7,15, SPRINT,0.000
0,151, 1.216,0.000,1.834, 10.000,0.000,0.000, 1,7,15, SPRINT,0.000
0,152, 1.230,0.000,1.848, 10.000,0.000,0.000, 1,7,15, SPRINT,0.000
0,153, 1.256,0.000,1.874, 10.000,0.000,0.000, 1,7,15, SPRINT,0.000
0,154, 1.269,0.000,1.888, 10.000,0.000,0.000, 1,7,15, SPRINT,0.000
0,155, 1.295,0.000,1.913, 10.000,0.000,0.000, 1,7,15, SPRINT,0.000
0,156, 1.309,0.000,1.927, 10.000,0.000,0.000, 1,7,15, SPRINT,0.000
0,157, 1.334,0.000,1.952, 10.000,0.000,0.000, 1,7,15, SPRINT,0.000
0,158, 1.373,0.000,1.966, 10.000,0.000,0.000, 1,0,8, TURN_LEFT_45,0.150
0,159, 1.413,0.000,1.956, 10.000,0.000,0.000, 1,1,9, TURN_LEFT_45,-0.050
0,160, 1.452,0.000,1.932, 10.000,0.000,0.000, 1,1,9, ATTACK,-0.500
0,161, 1.491,0.420,1.902, 10.000,0.000,0.000, 1,1,9, JUMP,-0.020
0,162, 1.527,0.753,1.874, 10.000,0.000,0.000, 1,1,9, SPRINT,0.000
0,163, 1.577,1.001,1.831, 10.000,0.000,0.000, 1,1,9, SPRINT,0.000
0,164, 1.623,1.166,1.791, 10.000,0.000,0.000, 1,1,9, SPRINT,0.000
0,165, 1.683,1.249,1.738, 10.000,0.000,0.000, 1,1,9, SPRINT,0.000
0,166, 1.737,1.252,1.689, 10.000,0.000,0.000, 1,1,9, SPRINT,0.000
0,167, 1.804,1.177,1.626, 10.000,0.000,0.000, 1,1,9, SPRINT,0.000
0,168, 1.866,1.024,1.570, 10.000,0.000,0.000, 1,1,9, SPRINT,0.000
0,169, 1.939,0.797,1.500, 10.000,0.000,0.000, 1,1,9, SPRINT,0.000
0,170, 2.006,0.495,1.437, 10.000,0.000,0.000, 1,1,9, SPRINT,0.000
0,171, 2.085,0.121,1.362, 10.000,0.000,0.000, 1,1,9, SPRINT,0.000
0,172, 2.174,0.000,1.275, 10.000,0.000,0.000, 1,1,9, JUMP,-0.020
0,173, 2.223,0.000,1.228, 10.000,0.000,0.000, 1,1,9, SPRINT,0.000
0,174, 2.268,0.000,1.184, 10.000,0.000,0.000, 1,1,9, SPRINT,0.000
0,175, 2.296,0.000,1.129, 10.000,0.000,0.000, 1,1,9, STRAFE_LEFT,0.000
0,176, 2.298,0.000,1.085, 10.000,0.000,0.000, 1,1,9, SPRINT,0.000
0,177, 2.271,0.000,1.061, 10.000,0.000,0.000, 1,1,9, MOVE_BACK,0.000
0,178, 2.243,0.000,1.034, 10.000,0.000,0.000, 1,1,9, MOVE_FORWARD,0.000
0,179, 2.214,0.000,1.006, 10.000,0.000,0.000, 1,1,9, SPRINT,0.000
0,180, 2.184,0.000,0.976, 10.000,0.000,0.000, 1,1,9, SPRINT,0.000
0,181, 2.154,0.000,0.947, 10.000,0.000,0.000, 1,1,9, SPRINT,0.000
0,182, 2.124,0.000,0.917, 10.000,0.000,0.000, 1,1,9, SPRINT,0.000
0,183, 2.094,0.000,0.887, 10.000,0.000,0.000, 1,1,9, SPRINT,0.000
0,184, 2.064,0.000,0.856, 10.000,0.000,0.000, 1,1,9, SPRINT,0.000
0,185, 2.034,0.000,0.826, 10.000,0.000,0.000, 1,1,9, SPRINT,0.000
0,186, 2.004,0.000,0.796, 10.000,0.000,0.000, 1,1,9, SPRINT,0.000
0,187, 1.973,0.000,0.766, 10.000,0.000,0.000, 1,1,9, SPRINT,0.000
0,188, 1.943,0.000,0.735, 10.000,0.000,0.000, 1,1,9, SPRINT,0.000
0,189, 1.913,0.000,0.705, 10.000,0.000,0.000, 1,1,9, SPRINT,0.000
0,190, 1.883,0.000,0.675, 10.000,0.000,0.000, 1,1,9, SPRINT,0.000
0,191, 1.852,0.000,0.645, 10.000,0.000,0.000, 1,1,9, SPRINT,0.000
0,192, 1.822,0.000,0.614, 10.000,0.000,0.000, 1,1,9, SPRINT,0.000
0,193, 1.792,0.000,0.584, 10.000,0.000,0.000, 1,1,9, SPRINT,0.000
0,194, 1.761,0.000,0.554, 10.000,0.000,0.000, 1,1,9, SPRINT,0.000
0,195, 1.731,0.000,0.524, 10.000,0.000,0.000, 1,1,9, SPRINT,0.000
0,196, 1.715,0.000,0.488, 10.000,0.000,0.000, 1,0,8, TURN_RIGHT_45,0.150
0,197, 1.706,0.000,0.449, 10.000,0.000,0.000, 1,0,8, SPRINT,0.000
0,198, 1.701,0.000,0.408, 10.000,0.000,0.000, 1,0,8, SPRINT,0.000
0,199, 1.698,0.000,0.366, 10.000,0.000,0.000, 1,0,8, SPRINT,0.000
0,200, 1.697,0.000,0.324, 10.000,0.000,0.000, 1,0,8, SPRINT,0.000
0,201, 1.696,0.000,0.282, 10.000,0.000,0.000, 1,0,8, SPRINT,0.000
0,202, 1.695,0.000,0.239, 10.000,0.000,0.000, 1,0,8, SPRINT,0.000
0,203, 1.695,0.000,0.196, 10.000,0.000,0.000, 1,0,8, SPRINT,0.000
0,204, 1.695,0.000,0.153, 10.000,0.000,0.000, 1,0,8, SPRINT,0.000
0,205, 1.695,0.000,0.111, 10.000,0.000,0.000, 1,0,8, SPRINT,0.000
0,206, 1.695,0.000,0.068, 10.000,0.000,0.000, 1,0,8, SPRINT,0.000
0,207, 1.695,0.000,0.025, 10.000,0.000,0.000, 1,0,8, SPRINT,0.000
0,208, 1.695,0.000,-0.018, 10.000,0.000,0.000, 1,0,8, SPRINT,0.000
0,209, 1.695,0.000,-0.060, 10.000,0.000,0.000, 1,0,8, SPRINT,0.000
0,210, 1.695,0.000,-0.103, 10.000,0.000,0.000, 1,0,8, SPRINT,0.000
0,211, 1.695,0.000,-0.146, 10.000,0.000,0.000, 1,0,8, SPRINT,0.000
0,212, 1.695,0.000,-0.189, 10.000,0.000,0.000, 1,0,8, SPRINT,0.000
0,213, 1.695,0.000,-0.232, 10.000,0.000,0.000, 1,0,8, SPRINT,0.000
0,214, 1.695,0.000,-0.274, 10.000,0.000,0.000, 1,0,8, MOVE_BACK,0.000
0,215, 1.695,0.000,-0.317, 10.000,0.000,0.000, 1,0,8, SPRINT,0.000
0,216, 1.695,0.000,-0.360, 10.000,0.000,0.000, 1,0,8, SPRINT,0.000
0,217, 1.695,0.000,-0.403, 10.000,0.000,0.000, 1,0,8, SPRINT,0.000
0,218, 1.695,0.000,-0.446, 10.000,0.000,0.000, 1,0,8, SPRINT,0.000
0,219, 1.695,0.000,-0.488, 10.000,0.000,0.000, 1,0,8, SPRINT,0.000
0,220, 1.709,0.000,-0.526, 10.000,0.000,0.000, 1,7,15, TURN_RIGHT_45,-0.050
0,221, 1.716,0.000,-0.565, 10.000,0.000,0.000, 1,0,8, TURN_LEFT_45,0.150
0,222, 1.720,0.000,-0.606, 10.000,0.000,0.000, 1,0,8, SPRINT,0.000
0,223, 1.722,0.000,-0.648, 10.000,0.000,0.000, 1,0,8, SPRINT,0.000
0,224, 1.724,0.000,-0.690, 10.000,0.000,0.000, 1,0,8, SPRINT,0.000
0,225, 1.724,0.000,-0.733, 10.000,0.000,0.000, 1,0,8, SPRINT,0.000
0,226, 1.725,0.000,-0.776, 10.000,0.000,0.000, 1,0,8, SPRINT,0.000
0,227, 1.725,0.000,-0.818, 10.000,0.000,0.000, 1,0,8, SPRINT,0.000
0,228, 1.725,0.000,-0.861, 10.000,0.000,0.000, 1,0,8, SPRINT,0.000
0,229, 1.725,0.000,-0.904, 10.000,0.000,0.000, 1,0,8, SPRINT,0.000
0,230, 1.725,0.000,-0.947, 10.000,0.000,0.000, 1,0,8, MOVE_BACK,0.000
0,231, 1.725,0.000,-0.989, 10.000,0.000,0.000, 1,0,8, SPRINT,0.000
0,232, 1.725,0.000,-1.032, 10.000,0.000,0.000, 1,0,8, SPRINT,0.000
0,233, 1.725,0.000,-1.075, 10.000,0.000,0.000, 1,0,8, SPRINT,0.000
0,234, 1.725,0.000,-1.118, 10.000,0.000,0.000, 1,0,8, SPRINT,0.000
0,235, 1.725,0.000,-1.161, 10.000,0.000,0.000, 1,0,8, SPRINT,0.000
0,236, 1.725,0.000,-1.203, 10.000,0.000,0.000, 1,0,8, SPRINT,0.000
0,237, 1.725,0.000,-1.246, 10.000,0.000,0.000, 1,0,8, SPRINT,0.000
0,238, 1.725,0.000,-1.289, 10.000,0.000,0.000, 1,0,8, SPRINT,0.000
0,239, 1.725,0.000,-1.332, 10.000,0.000,0.000, 1,0,8, SPRINT,0.000
0,240, 1.725,0.000,-1.375, 10.000,0.000,0.000, 1,0,8, SPRINT,0.000
0,241, 1.725,0.000,-1.417, 10.000,0.000,0.000, 1,0,8, SPRINT,0.000
0,242, 1.725,0.000,-1.460, 10.000,0.000,0.000, 1,0,8, SPRINT,0.000
0,243, 1.725,0.000,-1.503, 10.000,0.000,0.000, 1,0,8, ATTACK,-0.500
0,244, 1.725,0.000,-1.546, 10.000,0.000,0.000, 1,0,8, SPRINT,0.000
0,245, 1.725,0.000,-1.589, 10.000,0.000,0.000, 1,0,8, SPRINT,0.000
0,246, 1.725,0.000,-1.631, 10.000,0.000,0.000, 1,0,8, SPRINT,0.000
0,247, 1.725,0.000,-1.674, 10.000,0.000,0.000, 1,0,8, STRAFE_RIGHT,0.000
0,248, 1.725,0.000,-1.717, 10.000,0.000,0.000, 1,0,8, SPRINT,0.000
0,249, 1.744,0.000,-1.740, 10.000,0.000,0.000, 1,6,14, TURN_RIGHT_90,-0.050
0,250, 1.769,0.000,-1.767, 10.000,0.000,0.000, 1,7,15, TURN_LEFT_45,0.150
0,251, 1.782,0.000,-1.801, 10.000,0.000,0.000, 1,0,8, TURN_LEFT_45,0.150
0,252, 1.789,0.000,-1.839, 10.000,0.000,0.000, 1,0,8, SPRINT,0.000
0,253, 1.793,0.000,-1.879, 10.000,0.000,0.000, 1,0,8, SPRINT,0.000
0,254, 1.796,0.000,-1.920, 10.000,0.000,0.000, 1,0,8, SPRINT,0.000
0,255, 1.797,0.000,-1.962, 10.000,0.000,0.000, 1,0,8, SPRINT,0.000
0,256, 1.797,0.000,-2.005, 10.000,0.000,0.000, 1,0,8, SPRINT,0.000
0,257, 1.798,0.000,-2.047, 10.000,0.000,0.000, 1,0,8, SPRINT,0.000
0,258, 1.778,0.000,-2.070, 10.000,0.000,0.000, 1,2,10, TURN_LEFT_90,-0.050
0,259, 1.768,0.000,-2.083, 10.000,0.000,0.000, 1,2,10, STRAFE_LEFT,0.000
0,260, 1.762,0.000,-2.090, 10.000,0.000,0.000, 1,2,10, SPRINT,0.000
0,261, 1.759,0.000,-2.094, 10.000,0.000,0.000, 1,2,10, SPRINT,0.000
0,262, 1.757,0.000,-2.096, 10.000,0.000,0.000, 1,2,10, SPRINT,0.000
0,263, 1.756,0.000,-2.097, 10.000,0.000,0.000, 1,2,10, SPRINT,0.000
0,264, 1.756,0.000,-2.098, 10.000,0.000,0.000, 1,2,10, SPRINT,0.000
0,265, 1.756,0.000,-2.098, 10.000,0.000,0.000, 1,2,10, SPRINT,0.000
0,266, 1.756,0.000,-2.098, 10.000,0.000,0.000, 1,2,10, SPRINT,0.000
0,267, 1.755,0.000,-2.098, 10.000,0.000,0.000, 1,2,10, SPRINT,0.000
0,268, 1.755,0.000,-2.098, 10.000,0.000,0.000, 1,2,10, SPRINT,0.000
0,269, 1.755,0.000,-2.098, 10.000,0.000,0.000, 1,2,10, SPRINT,0.000
0,270, 1.775,0.000,-2.098, 10.000,0.000,0.000, 1,2,10, STRAFE_RIGHT,0.000
0,271, 1.805,0.000,-2.079, 10.000,0.000,0.000, 1,2,10, MOVE_FORWARD,0.000
0,272, 1.841,0.000,-2.049, 10.000,0.000,0.000, 1,2,10, SPRINT,0.000
0,273, 1.880,0.000,-2.013, 10.000,0.000,0.000, 1,2,10, SPRINT,0.000
0,274, 1.920,0.000,-1.974, 10.000,0.000,0.000, 1,2,10, SPRINT,0.000
0,275, 1.962,0.000,-1.933, 10.000,0.000,0.000, 1,2,10, SPRINT,0.000
0,276, 1.965,0.000,-1.892, 10.000,0.000,0.000, 1,0,8, TURN_RIGHT_90,0.150
0,277, 1.948,0.000,-1.849, 10.000,0.000,0.000, 1,0,8, SPRINT,0.000
0,278, 1.919,0.000,-1.807, 10.000,0.000,0.000, 1,0,8, SPRINT,0.000
0,279, 1.883,0.000,-1.764, 10.000,0.000,0.000, 1,0,8, SPRINT,0.000
0,280, 1.864,0.000,-1.722, 10.000,0.000,0.000, 1,0,8, MOVE_FORWARD,0.000
0,281, 1.854,0.000,-1.679, 10.000,0.000,0.000, 1,0,8, SPRINT,0.000
0,282, 1.862,0.000,-1.642, 10.000,0.000,0.000, 1,1,9, TURN_LEFT_45,-0.050
0,283, 1.880,0.000,-1.608, 10.000,0.000,0.000, 1,1,9, MOVE_BACK,0.000
0,284, 1.890,0.000,-1.570, 10.000,0.000,0.000, 1,0,8, TURN_RIGHT_45,0.150
0,285, 1.895,0.000,-1.530, 10.000,0.000,0.000, 1,0,8, SPRINT,0.000
0,286, 1.898,0.000,-1.488, 10.000,0.000,0.000, 1,0,8, MOVE_BACK,0.000
0,287, 1.900,0.000,-1.446, 10.000,0.000,0.000, 1,0,8, SPRINT,0.000
0,288, 1.900,0.000,-1.404, 10.000,0.000,0.000, 1,0,8, MOVE_BACK,0.000
0,289, 1.901,0.000,-1.361, 10.000,0.000,0.000, 1,0,8, SPRINT,0.000
0,290, 1.901,0.000,-1.319, 10.000,0.000,0.000, 1,0,8, SPRINT,0.000
0,291, 1.901,0.000,-1.276, 10.000,0.000,0.000, 1,0,8, SPRINT,0.000
0,292, 1.901,0.000,-1.233, 10.000,0.000,0.000, 1,0,8, SPRINT,0.000
0,293, 1.882,0.000,-1.190, 10.000,0.000,0.000, 1,0,8, MOVE_FORWARD,0.000
0,294, 1.852,0.000,-1.148, 10.000,0.000,0.000, 1,0,8, SPRINT,0.000
0,295, 1.816,0.000,-1.105, 10.000,0.000,0.000, 1,0,8, ATTACK,-0.500
0,296, 1.777,0.000,-1.062, 10.000,0.000,0.000, 1,0,8, SPRINT,0.000
0,297, 1.736,0.000,-1.019, 10.000,0.000,0.000, 1,0,8, SPRINT,0.000
0,298, 1.695,0.000,-0.977, 10.000,0.000,0.000, 1,0,8, SPRINT,0.000
0,299, 1.653,0.000,-0.934, 10.000,0.000,0.000, 1,0,8, SPRINT,0.000
1,0, 0.025,0.000,0.000, 10.000,0.000,0.000, 1,0,8, SPRINT,0.300
1,1, 0.039,0.000,0.000, 10.000,0.000,0.000, 1,0,8, SPRINT,0.000
1,2, 0.072,0.000,0.000, 10.000,0.000,0.000, 1,0,8, SPRINT,0.000
1,3, 0.090,0.000,0.000, 10.000,0.000,0.000, 1,0,8, SPRINT,0.000
1,4, 0.100,0.000,0.000, 10.000,0.000,0.000, 1,6,14, TURN_RIGHT_90,-0.050
1,5, 0.105,0.000,0.000, 10.000,0.000,0.000, 1,7,15, TURN_LEFT_45,0.150
1,6, 0.126,0.000,0.018, 10.000,0.000,0.000, 1,7,15, SPRINT,0.000
1,7, 0.162,0.000,0.028, 10.000,0.000,0.000, 1,0,8, TURN_LEFT_45,0.150
1,8, 0.182,0.000,0.033, 10.000,0.000,0.000, 1,0,8, SPRINT,0.000
1,9, 0.218,0.000,0.036, 10.000,0.000,0.000, 1,0,8, SPRINT,0.000
1,10, 0.238,0.000,0.037, 10.000,0.000,0.000, 1,0,8, SPRINT,0.000
1,11, 0.274,0.000,0.038, 10.000,0.000,0.000, 1,0,8, SPRINT,0.000
1,12, 0.319,0.000,0.039, 10.000,0.000,0.000, 1,0,8, MOVE_FORWARD,0.000
1,13, 0.344,0.000,0.039, 10.000,0.000,0.000, 1,0,8, SPRINT,0.000
1,14, 0.382,0.000,0.039, 10.000,0.000,0.000, 1,0,8, SPRINT,0.000
1,15, 0.403,0.000,0.039, 10.000,0.000,0.000, 1,0,8, SPRINT,0.000
1,16, 0.440,0.000,0.039, 10.000,0.000,0.000, 1,0,8, SPRINT,0.000
1,17, 0.460,0.000,0.039, 10.000,0.000,0.000, 1,0,8, SPRINT,0.000
1,18, 0.497,0.000,0.039, 10.000,0.000,0.000, 1,0,8, SPRINT,0.000
1,19, 0.542,0.000,0.039, 10.000,0.000,0.000, 1,0,8, ATTACK,-0.500
1,20, 0.591,0.420,0.039, 10.000,0.000,0.000, 1,0,8, JUMP,-0.020
1,21, 0.637,0.753,0.039, 10.000,0.000,0.000, 1,0,8, SPRINT,0.000
1,22, 0.678,1.001,0.059, 10.000,0.000,0.000, 1,0,8, STRAFE_RIGHT,0.000
1,23, 0.741,1.166,0.096, 10.000,0.000,0.000, 1,0,8, SPRINT,0.000
1,24, 0.798,1.249,0.149, 10.000,0.000,0.000, 1,0,8, SPRINT,0.000
1,25, 0.875,1.252,0.217, 10.000,0.000,0.000, 1,0,8, SPRINT,0.000
1,26, 0.946,1.177,0.298, 10.000,0.000,0.000, 1,0,8, SPRINT,0.000
1,27, 1.035,1.024,0.391, 10.000,0.000,0.000, 1,0,8, SPRINT,0.000
1,28, 1.116,0.797,0.496, 10.000,0.000,0.000, 1,0,8, SPRINT,0.000
1,29, 1.190,0.495,0.610, 10.000,0.000,0.000, 1,0,8, STRAFE_LEFT,0.000
1,30, 1.283,0.121,0.734, 10.000,0.000,0.000, 1,0,8, SPRINT,0.000
1,31, 1.367,0.000,0.865, 10.000,0.000,0.000, 1,0,8, SPRINT,0.000
1,32, 1.413,0.000,0.937, 10.000,0.000,0.000, 1,0,8, STRAFE_RIGHT,0.000
1,33, 1.463,0.000,0.977, 10.000,0.000,0.000, 1,0,8, SPRINT,0.000
1,34, 1.491,0.000,0.998, 10.000,0.000,0.000, 1,0,8, SPRINT,0.000
1,35, 1.531,0.000,1.010, 10.000,0.000,0.000, 1,0,8, SPRINT,0.000
1,36, 1.553,0.000,1.016, 10.000,0.000,0.000, 1,0,8, SPRINT,0.000
1,37, 1.590,0.000,1.020, 10.000,0.000,0.000, 1,0,8, SPRINT,0.000
1,38, 1.610,0.000,1.022, 10.000,0.000,0.000, 1,0,8, SPRINT,0.000
1,39, 1.622,0.000,1.023, 10.000,0.000,0.000, 1,7,15, TURN_RIGHT_45,-0.050
1,40, 1.628,0.000,1.023, 10.000,0.000,0.000, 1,0,8, TURN_LEFT_45,0.150
1,41, 1.656,0.000,1.024, 10.000,0.000,0.000, 1,0,8, SPRINT,0.000
1,42, 1.672,0.000,1.024, 10.000,0.000,0.000, 1,0,8, SPRINT,0.000
1,43, 1.680,0.000,1.024, 10.000,0.000,0.000, 1,2,10, TURN_LEFT_90,-0.050
1,44, 1.685,0.000,1.024, 10.000,0.000,0.000, 1,0,8, TURN_RIGHT_90,0.150
1,45, 1.713,0.000,1.024, 10.000,0.000,0.000, 1,0,8, SPRINT,0.000
1,46, 1.728,0.000,1.024, 10.000,0.000,0.000, 1,0,8, SPRINT,0.000
1,47, 1.736,0.000,1.024, 10.000,0.000,0.000, 1,0,8, ATTACK,-0.500
1,48, 1.766,0.000,1.024, 10.000,0.000,0.000, 1,0,8, SPRINT,0.000
1,49, 1.782,0.000,1.024, 10.000,0.000,0.000, 1,0,8, SPRINT,0.000
1,50, 1.791,0.000,1.024, 10.000,0.000,0.000, 1,1,9, TURN_LEFT_45,-0.050
1,51, 1.796,0.000,1.024, 10.000,0.000,0.000, 1,0,8, TURN_RIGHT_45,0.150
1,52, 1.824,0.000,1.024, 10.000,0.000,0.000, 1,0,8, SPRINT,0.000
1,53, 1.839,0.000,1.024, 10.000,0.000,0.000, 1,0,8, SPRINT,0.000
1,54, 1.873,0.000,1.024, 10.000,0.000,0.000, 1,0,8, SPRINT,0.000
1,55, 1.891,0.000,1.024, 10.000,0.000,0.000, 1,0,8, SPRINT,0.000
1,56, 1.926,0.000,1.024, 10.000,0.000,0.000, 1,0,8, SPRINT,0.000
1,57, 1.946,0.000,1.024, 10.000,0.000,0.000, 1,0,8, SPRINT,0.000
1,58, 1.981,0.000,1.024, 10.000,0.000,0.000, 1,0,8, SPRINT,0.000
1,59, 2.001,0.000,1.024, 10.000,0.000,0.000, 1,0,8, SPRINT,0.000
1,60, 2.012,0.000,1.043, 10.000,0.000,0.000, 1,0,8, STRAFE_RIGHT,0.000
1,61, 2.004,0.000,1.068, 10.000,0.000,0.000, 1,7,15, TURN_RIGHT_45,-0.050
1,62, 1.999,0.000,1.100, 10.000,0.000,0.000, 1,0,8, TURN_LEFT_45,0.150
1,63, 2.022,0.000,1.138, 10.000,0.000,0.000, 1,0,8, SPRINT,0.000
1,64, 2.035,0.000,1.178, 10.000,0.000,0.000, 1,0,8, SPRINT,0.000
1,65, 2.067,0.000,1.219, 10.000,0.000,0.000, 1,0,8, SPRINT,0.000
1,66, 2.084,0.000,1.261, 10.000,0.000,0.000, 1,0,8, SPRINT,0.000
1,67, 2.074,0.000,1.283, 10.000,0.000,0.000, 1,6,14, TURN_RIGHT_90,-0.050
1,68, 2.055,0.000,1.310, 10.000,0.000,0.000, 1,7,15, TURN_LEFT_45,0.150
1,69, 2.045,0.000,1.343, 10.000,0.000,0.000, 1,0,8, TURN_LEFT_45,0.150
1,70, 2.064,0.000,1.381, 10.000,0.000,0.000, 1,0,8, SPRINT,0.000
1,71, 2.095,0.000,1.377, 10.000,0.000,0.000, 1,2,10, TURN_LEFT_90,-0.050
1,72, 2.136,0.000,1.394, 10.000,0.000,0.000, 1,0,8, TURN_RIGHT_90,0.150
1,73, 2.159,0.000,1.422, 10.000,0.000,0.000, 1,0,8, SPRINT,0.000
1,74, 2.197,0.000,1.457, 10.000,0.000,0.000, 1,0,8, SPRINT,0.000
1,75, 2.217,0.000,1.496, 10.000,0.000,0.000, 1,0,8, SPRINT,0.000
1,76, 2.254,0.000,1.537, 10.000,0.000,0.000, 1,0,8, SPRINT,0.000
1,77, 2.274,0.000,1.578, 10.000,0.000,0.000, 1,0,8, SPRINT,0.000
1,78, 2.310,0.000,1.620, 10.000,0.000,0.000, 1,0,8, SPRINT,0.000
1,79, 2.330,0.000,1.663, 10.000,0.000,0.000, 1,0,8, SPRINT,0.000
1,80, 2.366,0.000,1.705, 10.000,0.000,0.000, 1,0,8, SPRINT,0.000
1,81, 2.385,0.000,1.748, 10.000,0.000,0.000, 1,0,8, SPRINT,0.000
1,82, 2.421,0.000,1.791, 10.000,0.000,0.000, 1,0,8, SPRINT,0.000
1,83, 2.441,0.000,1.833, 10.000,0.000,0.000, 1,0,8, SPRINT,0.000
1,84, 2.452,0.420,1.876, 10.000,0.000,0.000, 1,0,8, JUMP,-0.020
1,85, 2.487,0.753,1.934, 10.000,0.000,0.000, 1,0,8, SPRINT,0.000
1,86, 2.519,1.001,2.007, 10.000,0.000,0.000, 1,0,8, SPRINT,0.000
1,87, 2.573,1.166,2.092, 10.000,0.000,0.000, 1,0,8, SPRINT,0.000
1,88, 2.647,1.249,2.190, 10.000,0.000,0.000, 1,0,8, STRAFE_LEFT,0.000
1,89, 2.715,1.252,2.298, 10.000,0.000,0.000, 1,0,8, SPRINT,0.000
1,90, 2.802,1.177,2.415, 10.000,0.000,0.000, 1,0,8, SPRINT,0.000
1,91, 2.882,1.024,2.542, 10.000,0.000,0.000, 1,0,8, SPRINT,0.000
1,92, 2.979,0.797,2.676, 10.000,0.000,0.000, 1,0,8, SPRINT,0.000
1,93, 3.068,0.495,2.818, 10.000,0.000,0.000, 1,0,8, SPRINT,0.000
1,94, 3.174,0.121,2.966, 10.000,0.000,0.000, 1,7,15, SPRINT,0.000
1,95, 3.301,0.000,3.097, 10.000,0.000,0.000, 1,0,8, TURN_LEFT_45,0.150
1,96, 3.385,0.000,3.183, 10.000,0.000,0.000, 1,0,8, SPRINT,0.000
1,97, 3.462,0.000,3.225, 10.000,0.000,0.000, 1,0,8, SPRINT,0.000
1,98, 3.518,0.000,3.262, 10.000,0.000,0.000, 1,0,8, SPRINT,0.000
1,99, 3.580,0.000,3.278, 10.000,0.000,0.000, 1,0,8, SPRINT,0.000
1,100, 3.628,0.000,3.300, 10.000,0.000,0.000, 1,0,8, SPRINT,0.000
1,101, 3.686,0.000,3.309, 10.000,0.000,0.000, 1,0,8, SPRINT,0.000
1,102, 3.731,0.000,3.327, 10.000,0.000,0.000, 1,0,8, SPRINT,0.000
1,103, 3.787,0.000,3.333, 10.000,0.000,0.000, 1,0,8, SPRINT,0.000
1,104, 3.832,0.000,3.349, 10.000,0.000,0.000, 1,0,8, SPRINT,0.000
1,105, 3.887,0.000,3.355, 10.000,0.000,0.000, 1,0,8, SPRINT,0.000
1,106, 3.950,0.000,3.353, 10.000,0.000,0.000, 1,0,8, MOVE_FORWARD,0.000
1,107, 3.997,0.000,3.366, 10.000,0.000,0.000, 1,0,8, SPRINT,0.000
1,108, 4.023,0.000,3.401, 10.000,0.000,0.000, 1,0,8, MOVE_BACK,0.000
1,109, 4.037,0.000,3.447, 10.000,0.000,0.000, 1,0,8, SPRINT,0.000
1,110, 4.045,0.000,3.500, 10.000,0.000,0.000, 1,0,8, SPRINT,0.000
1,111, 4.049,0.000,3.556, 10.000,0.000,0.000, 1,0,8, SPRINT,0.000
1,112, 4.052,0.000,3.615, 10.000,0.000,0.000, 1,0,8, STRAFE_LEFT,0.000
1,113, 4.053,0.000,3.674, 10.000,0.000,0.000, 1,0,8, SPRINT,0.000
1,114, 4.054,0.000,3.734, 10.000,0.000,0.000, 1,0,8, SPRINT,0.000
1,115, 4.054,0.000,3.794, 10.000,0.000,0.000, 1,0,8, SPRINT,0.000
1,116, 4.054,0.000,3.854, 10.000,0.000,0.000, 1,0,8, SPRINT,0.000
1,117, 4.054,0.000,3.915, 10.000,0.000,0.000, 1,0,8, SPRINT,0.000
1,118, 4.054,0.000,3.975, 10.000,0.000,0.000, 1,0,8, SPRINT,0.000
1,119, 4.055,0.000,4.035, 10.000,0.000,0.000, 1,0,8, SPRINT,0.000
1,120, 4.055,0.000,4.096, 10.000,0.000,0.000, 1,0,8, SPRINT,0.000
1,121, 4.055,0.000,4.157, 10.000,0.000,0.000, 1,0,8, SPRINT,0.000
1,122, 4.082,0.000,4.190, 10.000,0.000,0.000, 1,2,10, TURN_LEFT_90,-0.050
1,123, 4.097,0.000,4.235, 10.000,0.000,0.000, 1,0,8, TURN_RIGHT_90,0.150
1,124, 4.105,0.000,4.287, 10.000,0.000,0.000, 1,0,8, SPRINT,0.000
1,125, 4.110,0.000,4.343, 10.000,0.000,0.000, 1,0,8, SPRINT,0.000
1,126, 4.112,0.000,4.402, 10.000,0.000,0.000, 1,0,8, SPRINT,0.000
1,127, 4.094,0.000,4.453, 10.000,0.000,0.000, 1,7,15, TURN_RIGHT_45,-0.050
1,128, 4.084,0.000,4.508, 10.000,0.000,0.000, 1,0,8, TURN_LEFT_45,0.150
1,129, 4.079,0.000,4.566, 10.000,0.000,0.000, 1,0,8, SPRINT,0.000
1,130, 4.076,0.000,4.625, 10.000,0.000,0.000, 1,0,8, SPRINT,0.000
1,131, 4.074,0.000,4.684, 10.000,0.000,0.000, 1,0,8, SPRINT,0.000
1,132, 4.073,0.000,4.745, 10.000,0.000,0.000, 1,0,8, SPRINT,0.000
1,133, 4.073,0.000,4.805, 10.000,0.000,0.000, 1,0,8, SPRINT,0.000
1,134, 4.073,0.000,4.865, 10.000,0.000,0.000, 1,0,8, SPRINT,0.000
1,135, 4.072,0.000,4.926, 10.000,0.000,0.000, 1,0,8, SPRINT,0.000
1,136, 4.072,0.000,4.986, 10.000,0.000,0.000, 1,0,8, SPRINT,0.000
1,137, 4.072,0.000,5.047, 10.000,0.000,0.000, 1,0,8, SPRINT,0.000
1,138, 4.072,0.000,5.107, 10.000,0.000,0.000, 1,0,8, SPRINT,0.000
1,139, 4.072,0.000,5.168, 10.000,0.000,0.000, 1,0,8, SPRINT,0.000
1,140, 4.072,0.000,5.228, 10.000,0.000,0.000, 1,0,8, SPRINT,0.000
1,141, 4.072,0.000,5.289, 10.000,0.000,0.000, 1,0,8, SPRINT,0.000
1,142, 4.072,0.000,5.349, 10.000,0.000,0.000, 1,0,8, SPRINT,0.000
1,143, 4.072,0.000,5.410, 10.000,0.000,0.000, 1,0,8, SPRINT,0.000
1,144, 4.100,0.000,5.443, 10.000,0.000,0.000, 1,2,10, TURN_LEFT_90,-0.050
1,145, 4.115,0.000,5.488, 10.000,0.000,0.000, 1,0,8, TURN_RIGHT_90,0.150
1,146, 4.123,0.000,5.541, 10.000,0.000,0.000, 1,0,8, SPRINT,0.000
1,147, 4.127,0.000,5.597, 10.000,0.000,0.000, 1,0,8, SPRINT,0.000
1,148, 4.130,0.000,5.655, 10.000,0.000,0.000, 1,0,8, SPRINT,0.000
1,149, 4.145,0.000,5.700, 10.000,0.000,0.000, 1,0,8, MOVE_BACK,0.000
1,150, 4.185,0.000,5.721, 10.000,0.000,0.000, 1,0,8, SPRINT,0.000
1,151, 4.220,0.000,5.746, 10.000,0.000,0.000, 1,0,8, SPRINT,0.000
1,152, 4.271,0.000,5.756, 10.000,0.000,0.000, 1,0,8, SPRINT,0.000
1,153, 4.317,0.000,5.743, 10.000,0.000,0.000, 1,0,8, STRAFE_RIGHT,0.000
1,154, 4.360,0.000,5.718, 10.000,0.000,0.000, 1,0,8, MOVE_FORWARD,0.000
1,155, 4.383,0.000,5.705, 10.000,0.000,0.000, 1,0,8, SPRINT,0.000
1,156, 4.414,0.000,5.679, 10.000,0.000,0.000, 1,0,8, SPRINT,0.000
1,157, 4.430,0.000,5.666, 10.000,0.000,0.000, 1,0,8, SPRINT,0.000
1,158, 4.457,0.000,5.640, 10.000,0.000,0.000, 1,0,8, SPRINT,0.000
1,159, 4.472,0.000,5.626, 10.000,0.000,0.000, 1,0,8, SPRINT,0.000
1,160, 4.466,0.000,5.605, 10.000,0.000,0.000, 1,0,8, STRAFE_LEFT,0.000
1,161, 4.468,0.000,5.562, 10.000,0.000,0.000, 1,0,8, SPRINT,0.000
1,162, 4.454,0.000,5.524, 10.000,0.000,0.000, 1,0,8, SPRINT,0.000
1,163, 4.451,0.000,5.472, 10.000,0.000,0.000, 1,0,8, SPRINT,0.000
1,164, 4.436,0.000,5.430, 10.000,0.000,0.000, 1,0,8, SPRINT,0.000
1,165, 4.432,0.000,5.376, 10.000,0.000,0.000, 1,0,8, SPRINT,0.000
1,166, 4.415,0.000,5.332, 10.000,0.000,0.000, 1,0,8, SPRINT,0.000
1,167, 4.393,0.000,5.295, 10.000,0.000,0.000, 1,0,8, STRAFE_RIGHT,0.000
1,168, 4.385,0.000,5.243, 10.000,0.000,0.000, 1,0,8, SPRINT,0.000
1,169, 4.406,0.000,5.195, 10.000,0.000,0.000, 1,7,15, TURN_RIGHT_45,-0.050
1,170, 4.397,0.000,5.143, 10.000,0.000,0.000, 1,1,9, TURN_LEFT_90,-0.050
1,171, 4.397,0.000,5.084, 10.000,0.000,0.000, 1,0,8, TURN_RIGHT_45,0.150
1,172, 4.383,0.000,5.037, 10.000,0.000,0.000, 1,0,8, SPRINT,0.000
1,173, 4.380,0.000,4.980, 10.000,0.000,0.000, 1,0,8, SPRINT,0.000
1,174, 4.364,0.000,4.936, 10.000,0.000,0.000, 1,0,8, SPRINT,0.000
1,175, 4.360,0.000,4.880, 10.000,0.000,0.000, 1,0,8, SPRINT,0.000
1,176, 4.361,0.420,4.817, 10.000,0.000,0.000, 1,0,8, JUMP,-0.020
1,177, 4.367,0.753,4.729, 10.000,0.000,0.000, 1,0,8, MOVE_FORWARD,0.000
1,178, 4.359,1.001,4.635, 10.000,0.000,0.000, 1,0,8, SPRINT,0.000
1,179, 4.337,1.166,4.536, 10.000,0.000,0.000, 1,0,8, JUMP,-0.020
1,180, 4.322,1.249,4.414, 10.000,0.000,0.000, 1,0,8, SPRINT,0.000
1,181, 4.294,1.252,4.289, 10.000,0.000,0.000, 1,0,8, SPRINT,0.000
1,182, 4.273,1.177,4.144, 10.000,0.000,0.000, 1,0,8, SPRINT,0.000
1,183, 4.279,1.024,3.993, 10.000,0.000,0.000, 1,7,15, TURN_RIGHT_45,-0.050
1,184, 4.288,0.797,3.823, 10.000,0.000,0.000, 1,0,8, TURN_LEFT_45,0.150
1,185, 4.301,0.495,3.637, 10.000,0.000,0.000, 1,0,8, STRAFE_RIGHT,0.000
1,186, 4.338,0.121,3.449, 10.000,0.000,0.000, 1,7,15, TURN_RIGHT_45,-0.050
1,187, 4.376,0.000,3.246, 10.000,0.000,0.000, 1,0,8, TURN_LEFT_45,0.150
1,188, 4.421,0.000,3.115, 10.000,0.000,0.000, 1,7,15, TURN_RIGHT_45,-0.050
1,189, 4.451,0.000,3.013, 10.000,0.000,0.000, 1,0,8, TURN_LEFT_45,0.150
1,190, 4.492,0.000,2.937, 10.000,0.000,0.000, 1,7,15, TURN_RIGHT_45,-0.050
1,191, 4.514,0.000,2.877, 10.000,0.000,0.000, 1,7,15, SPRINT,0.000
1,192, 4.513,0.000,2.830, 10.000,0.000,0.000, 1,0,8, TURN_LEFT_45,0.150
1,193, 4.512,0.000,2.785, 10.000,0.000,0.000, 1,7,15, TURN_RIGHT_45,-0.050
1,194, 4.498,0.000,2.746, 10.000,0.000,0.000, 1,0,8, TURN_LEFT_45,0.150
1,195, 4.471,0.000,2.725, 10.000,0.000,0.000, 1,1,9, TURN_LEFT_45,-0.050
1,196, 4.436,0.000,2.714, 10.000,0.000,0.000, 1,1,9, ATTACK,-0.500
1,197, 4.404,0.000,2.694, 10.000,0.000,0.000, 1,0,8, TURN_RIGHT_45,0.150
1,198, 4.386,0.000,2.664, 10.000,0.000,0.000, 1,7,15, TURN_RIGHT_45,-0.050
1,199, 4.363,0.000,2.633, 10.000,0.000,0.000, 1,0,8, TURN_LEFT_45,0.150
1,200, 4.350,0.000,2.597, 10.000,0.000,0.000, 1,7,15, TURN_RIGHT_45,-0.050
1,201, 4.329,0.000,2.564, 10.000,0.000,0.000, 1,0,8, TURN_LEFT_45,0.150
1,202, 4.318,0.000,2.526, 10.000,0.000,0.000, 1,7,15, TURN_RIGHT_45,-0.050
1,203, 4.326,0.000,2.492, 10.000,0.000,0.000, 1,6,14, TURN_RIGHT_45,-0.050
1,204, 4.330,0.000,2.454, 10.000,0.000,0.000, 1,7,15, TURN_LEFT_45,0.150
1,205, 4.318,0.000,2.419, 10.000,0.000,0.000, 1,0,8, TURN_LEFT_45,0.150
1,206, 4.312,0.000,2.381, 10.000,0.000,0.000, 1,7,15, TURN_RIGHT_45,-0.050
1,207, 4.295,0.000,2.346, 10.000,0.000,0.000, 1,1,9, TURN_LEFT_45,-0.050
1,208, 4.285,0.000,2.308, 10.000,0.000,0.000, 1,0,8, TURN_RIGHT_45,0.150
1,209, 4.294,0.000,2.273, 10.000,0.000,0.000, 1,7,15, TURN_RIGHT_45,-0.050
1,210, 4.299,0.000,2.235, 10.000,0.000,0.000, 1,0,8, TURN_LEFT_45,0.150
1,211, 4.315,0.000,2.200, 10.000,0.000,0.000, 1,7,15, TURN_RIGHT_45,-0.050
1,212, 4.324,0.000,2.162, 10.000,0.000,0.000, 1,0,8, TURN_LEFT_45,0.150
1,213, 4.342,0.000,2.127, 10.000,0.000,0.000, 1,7,15, TURN_RIGHT_45,-0.050
1,214, 4.353,0.000,2.089, 10.000,0.000,0.000, 1,0,8, TURN_LEFT_45,0.150
1,215, 4.372,0.000,2.054, 10.000,0.000,0.000, 1,7,15, TURN_RIGHT_45,-0.050
1,216, 4.382,0.000,2.016, 10.000,0.000,0.000, 1,0,8, TURN_LEFT_45,0.150
1,217, 4.388,0.420,1.975, 10.000,0.000,0.000, 1,0,8, JUMP,-0.020
1,218, 4.407,0.753,1.925, 10.000,0.000,0.000, 1,7,15, TURN_RIGHT_45,-0.050
1,219, 4.424,1.001,1.860, 10.000,0.000,0.000, 1,0,8, TURN_LEFT_45,0.150
1,220, 4.454,1.166,1.786, 10.000,0.000,0.000, 1,7,15, TURN_RIGHT_45,-0.050
1,221, 4.481,1.249,1.700, 10.000,0.000,0.000, 1,0,8, TURN_LEFT_45,0.150
1,222, 4.519,1.252,1.608, 10.000,0.000,0.000, 1,7,15, TURN_RIGHT_45,-0.050
1,223, 4.567,1.177,1.511, 10.000,0.000,0.000, 1,7,15, STRAFE_RIGHT,0.000
1,224, 4.643,1.024,1.426, 10.000,0.000,0.000, 1,7,15, SPRINT,0.000
1,225, 4.731,0.797,1.374, 10.000,0.000,0.000, 1,6,14, TURN_RIGHT_45,-0.050
1,226, 4.843,0.495,1.331, 10.000,0.000,0.000, 1,7,15, TURN_LEFT_45,0.150
1,227, 4.970,0.121,1.273, 10.000,0.000,0.000, 1,0,8, TURN_LEFT_45,0.150
1,228, 5.118,0.000,1.224, 10.000,0.000,0.000, 1,7,15, TURN_RIGHT_45,-0.050
1,229, 5.223,0.000,1.177, 10.000,0.000,0.000, 0,0,0, TURN_LEFT_45,0.450
1,230, 5.281,0.000,1.133, 10.000,0.000,0.000, 0,0,0, SPRINT,0.000
1,231, 5.338,0.000,1.089, 10.000,0.000,0.000, 0,0,0, SPRINT,0.000
1,232, 5.369,0.000,1.046, 10.000,0.000,0.000, 0,0,0, SPRINT,0.000
1,233, 5.411,0.000,1.002, 10.000,0.000,0.000, 0,0,0, SPRINT,0.000
1,234, 5.434,0.000,0.959, 10.000,0.000,0.000, 0,0,0, SPRINT,0.000
1,235, 5.472,0.000,0.917, 10.000,0.000,0.000, 0,0,0, SPRINT,0.000
1,236, 5.492,0.000,0.874, 10.000,0.000,0.000, 0,0,0, SPRINT,0.000
1,237, 5.529,0.000,0.831, 10.000,0.000,0.000, 0,0,0, SPRINT,0.000
1,238, 5.549,0.000,0.788, 10.000,0.000,0.000, 0,0,0, SPRINT,0.000
1,239, 5.585,0.000,0.745, 10.000,0.000,0.000, 0,0,0, SPRINT,0.000
1,240, 5.605,0.000,0.702, 10.000,0.000,0.000, 0,0,0, SPRINT,0.000
1,241, 5.641,0.000,0.660, 10.000,0.000,0.000, 0,0,0, SPRINT,0.000
1,242, 5.661,0.000,0.617, 10.000,0.000,0.000, 0,0,0, SPRINT,0.000
1,243, 5.697,0.000,0.574, 10.000,0.000,0.000, 0,0,0, SPRINT,0.000
1,244, 5.736,0.000,0.576, 10.000,0.000,0.000, 0,6,6, TURN_RIGHT_90,-0.050
1,245, 5.776,0.000,0.577, 10.000,0.000,0.000, 0,6,6, SPRINT,0.000
1,246, 5.818,0.000,0.603, 10.000,0.000,0.000, 0,6,6, SPRINT,0.000
1,247, 5.860,0.000,0.617, 10.000,0.000,0.000, 0,6,6, SPRINT,0.000
1,248, 5.903,0.000,0.650, 10.000,0.000,0.000, 0,6,6, SPRINT,0.000
1,249, 5.945,0.000,0.668, 10.000,0.000,0.000, 0,6,6, SPRINT,0.000
1,250, 5.988,0.000,0.703, 10.000,0.000,0.000, 0,6,6, SPRINT,0.000
1,251, 6.031,0.000,0.722, 10.000,0.000,0.000, 0,6,6, SPRINT,0.000
1,252, 6.074,0.000,0.758, 10.000,0.000,0.000, 0,6,6, SPRINT,0.000
1,253, 6.116,0.000,0.777, 10.000,0.000,0.000, 0,6,6, SPRINT,0.000
1,254, 6.140,0.000,0.769, 10.000,0.000,0.000, 0,0,0, TURN_LEFT_90,0.150
1,255, 6.178,0.000,0.744, 10.000,0.000,0.000, 0,0,0, SPRINT,0.000
1,256, 6.224,0.000,0.712, 10.000,0.000,0.000, 0,0,0, STRAFE_RIGHT,0.000
1,257, 6.249,0.000,0.674, 10.000,0.000,0.000, 0,0,0, SPRINT,0.000
1,258, 6.288,0.000,0.635, 10.000,0.000,0.000, 0,0,0, SPRINT,0.000
1,259, 6.309,0.000,0.594, 10.000,0.000,0.000, 0,0,0, SPRINT,0.000
1,260, 6.346,0.000,0.552, 10.000,0.000,0.000, 0,0,0, SPRINT,0.000
1,261, 6.366,0.000,0.509, 10.000,0.000,0.000, 0,0,0, SPRINT,0.000
1,262, 6.402,0.000,0.467, 10.000,0.000,0.000, 0,0,0, SPRINT,0.000
1,263, 6.422,0.000,0.424, 10.000,0.000,0.000, 0,0,0, SPRINT,0.000
1,264, 6.414,0.000,0.401, 10.000,0.000,0.000, 0,2,2, TURN_LEFT_90,-0.050
1,265, 6.389,0.000,0.363, 10.000,0.000,0.000, 0,2,2, SPRINT,0.000
1,266, 6.357,0.000,0.342, 10.000,0.000,0.000, 0,2,2, SPRINT,0.000
1,267, 6.320,0.000,0.306, 10.000,0.000,0.000, 0,2,2, SPRINT,0.000
1,268, 6.280,0.000,0.286, 10.000,0.000,0.000, 0,2,2, SPRINT,0.000
1,269, 6.239,0.000,0.249, 10.000,0.000,0.000, 0,2,2, SPRINT,0.000
1,270, 6.197,0.000,0.230, 10.000,0.000,0.000, 0,2,2, SPRINT,0.000
1,271, 6.154,0.000,0.194, 10.000,0.000,0.000, 0,2,2, SPRINT,0.000
1,272, 6.112,0.000,0.174, 10.000,0.000,0.000, 0,2,2, SPRINT,0.000
1,273, 6.069,0.000,0.138, 10.000,0.000,0.000, 0,2,2, SPRINT,0.000
1,274, 6.027,0.000,0.118, 10.000,0.000,0.000, 0,2,2, SPRINT,0.000
1,275, 5.984,0.000,0.082, 10.000,0.000,0.000, 0,2,2, SPRINT,0.000
1,276, 5.941,0.000,0.063, 10.000,0.000,0.000, 0,2,2, SPRINT,0.000
1,277, 5.898,0.000,0.027, 10.000,0.000,0.000, 0,2,2, SPRINT,0.000
1,278, 5.855,0.000,0.007, 10.000,0.000,0.000, 0,2,2, SPRINT,0.000
1,279, 5.813,0.000,-0.029, 10.000,0.000,0.000, 0,2,2, SPRINT,0.000
1,280, 5.770,0.000,-0.049, 10.000,0.000,0.000, 0,2,2, SPRINT,0.000
1,281, 5.727,0.000,-0.085, 10.000,0.000,0.000, 0,2,2, SPRINT,0.000
1,282, 5.684,0.000,-0.104, 10.000,0.000,0.000, 0,2,2, SPRINT,0.000
1,283, 5.641,0.000,-0.140, 10.000,0.000,0.000, 0,2,2, SPRINT,0.000
1,284, 5.599,0.000,-0.160, 10.000,0.000,0.000, 0,2,2, SPRINT,0.000
1,285, 5.556,0.420,-0.171, 10.000,0.000,0.000, 0,2,2, JUMP,-0.020
1,286, 5.498,0.753,-0.206, 10.000,0.000,0.000, 0,2,2, SPRINT,0.000
1,287, 5.419,1.001,-0.218, 10.000,0.000,0.000, 0,4,4, TURN_LEFT_90,-0.050
1,288, 5.348,1.166,-0.210, 10.000,0.000,0.000, 0,4,4, SPRINT,0.000
1,289, 5.258,1.249,-0.183, 10.000,0.000,0.000, 0,4,4, SPRINT,0.000
1,290, 5.176,1.252,-0.139, 10.000,0.000,0.000, 0,4,4, SPRINT,0.000
1,291, 5.076,1.177,-0.080, 10.000,0.000,0.000, 0,4,4, SPRINT,0.000
1,292, 4.985,1.024,-0.007, 10.000,0.000,0.000, 1,4,12, SPRINT,0.000
1,293, 4.916,0.797,0.074, 10.000,0.000,0.000, 1,5,13, TURN_LEFT_45,0.150
1,294, 4.872,0.495,0.147, 10.000,0.000,0.000, 1,6,14, TURN_LEFT_45,0.150
1,295, 4.847,0.121,0.200, 10.000,0.000,0.000, 1,7,15, TURN_LEFT_45,0.150
1,296, 4.823,0.000,0.229, 10.000,0.000,0.000, 1,0,8, TURN_LEFT_45,0.150
1,297, 4.791,0.000,0.225, 10.000,0.000,0.000, 1,0,8, MOVE_BACK,0.000
1,298, 4.773,0.000,0.196, 10.000,0.000,0.000, 1,7,15, TURN_RIGHT_45,-0.050
1,299, 4.744,0.000,0.160, 10.000,0.000,0.000, 1,0,8, TURN_LEFT_45,0.150
2,0, 0.025,0.000,0.000, 10.000,0.000,0.000, 1,0,8, SPRINT,0.300
2,1, 0.064,0.000,0.019, 10.000,0.000,0.000, 1,0,8, STRAFE_RIGHT,0.000
2,2, 0.111,0.420,0.049, 10.000,0.000,0.000, 1,0,8, JUMP,-0.020
2,3, 0.179,0.753,0.096, 10.000,0.000,0.000, 1,0,8, JUMP,-0.020
2,4, 0.244,1.001,0.170, 10.000,0.000,0.000, 1,7,15, TURN_RIGHT_45,-0.050
2,5, 0.329,1.166,0.257, 10.000,0.000,0.000, 1,0,8, TURN_LEFT_45,0.150
2,6, 0.411,1.249,0.368, 10.000,0.000,0.000, 1,7,15, TURN_RIGHT_45,-0.050
2,7, 0.510,1.252,0.488, 10.000,0.000,0.000, 1,0,8, TURN_LEFT_45,0.150
2,8, 0.605,1.177,0.629, 10.000,0.000,0.000, 1,7,15, TURN_RIGHT_45,-0.050
2,9, 0.716,1.024,0.777, 10.000,0.000,0.000, 1,0,8, TURN_LEFT_45,0.150
2,10, 0.822,0.797,0.943, 10.000,0.000,0.000, 1,7,15, TURN_RIGHT_45,-0.050
2,11, 0.943,0.495,1.113, 10.000,0.000,0.000, 1,0,8, TURN_LEFT_45,0.150
2,12, 1.057,0.121,1.300, 10.000,0.000,0.000, 1,7,15, TURN_RIGHT_45,-0.050
2,13, 1.187,0.000,1.489, 10.000,0.000,0.000, 1,0,8, TURN_LEFT_45,0.150
2,14, 1.261,0.000,1.624, 10.000,0.000,0.000, 1,7,15, TURN_RIGHT_45,-0.050
2,15, 1.327,0.000,1.718, 10.000,0.000,0.000, 1,0,8, TURN_LEFT_45,0.150
2,16, 1.368,0.000,1.800, 10.000,0.000,0.000, 1,7,15, TURN_RIGHT_45,-0.050
2,17, 1.415,0.000,1.864, 10.000,0.000,0.000, 1,0,8, TURN_LEFT_45,0.150
2,18, 1.445,0.000,1.931, 10.000,0.000,0.000, 1,7,15, TURN_RIGHT_45,-0.050
2,19, 1.486,0.000,1.987, 10.000,0.000,0.000, 1,0,8, TURN_LEFT_45,0.150
2,20, 1.513,0.000,2.049, 10.000,0.000,0.000, 1,7,15, TURN_RIGHT_45,-0.050
2,21, 1.553,0.000,2.103, 10.000,0.000,0.000, 1,0,8, TURN_LEFT_45,0.150
2,22, 1.579,0.000,2.163, 10.000,0.000,0.000, 1,7,15, TURN_RIGHT_45,-0.050
2,23, 1.618,0.000,2.216, 10.000,0.000,0.000, 1,0,8, TURN_LEFT_45,0.150
2,24, 1.644,0.000,2.276, 10.000,0.000,0.000, 1,7,15, TURN_RIGHT_45,-0.050
2,25, 1.683,0.000,2.329, 10.000,0.000,0.000, 1,0,8, TURN_LEFT_45,0.150
2,26, 1.730,0.000,2.357, 10.000,0.000,0.000, 1,0,8, STRAFE_RIGHT,0.000
2,27, 1.773,0.000,2.391, 10.000,0.000,0.000, 1,7,15, TURN_RIGHT_45,-0.050
2,28, 1.822,0.000,2.409, 10.000,0.000,0.000, 1,0,8, TURN_LEFT_45,0.150
2,29, 1.867,0.000,2.437, 10.000,0.000,0.000, 1,7,15, TURN_RIGHT_45,-0.050
2,30, 1.916,0.000,2.452, 10.000,0.000,0.000, 1,0,8, TURN_LEFT_45,0.150
2,31, 1.961,0.000,2.478, 10.000,0.000,0.000, 1,7,15, TURN_RIGHT_45,-0.050
2,32, 2.011,0.000,2.492, 10.000,0.000,0.000, 1,0,8, TURN_LEFT_45,0.150
2,33, 2.056,0.000,2.518, 10.000,0.000,0.000, 1,7,15, TURN_RIGHT_45,-0.050
2,34, 2.106,0.000,2.532, 10.000,0.000,0.000, 1,0,8, TURN_LEFT_45,0.150
2,35, 2.151,0.000,2.558, 10.000,0.000,0.000, 1,7,15, TURN_RIGHT_45,-0.050
2,36, 2.201,0.000,2.571, 10.000,0.000,0.000, 1,0,8, TURN_LEFT_45,0.150
2,37, 2.246,0.000,2.597, 10.000,0.000,0.000, 1,7,15, TURN_RIGHT_45,-0.050
2,38, 2.289,0.000,2.629, 10.000,0.000,0.000, 1,7,15, MOVE_BACK,0.000
2,39, 2.337,0.000,2.646, 10.000,0.000,0.000, 1,0,8, TURN_LEFT_45,0.150
2,40, 2.363,0.000,2.630, 10.000,0.000,0.000, 1,2,10, TURN_LEFT_90,-0.050
2,41, 2.403,0.000,2.622, 10.000,0.000,0.000, 1,0,8, TURN_RIGHT_90,0.150
2,42, 2.443,0.000,2.635, 10.000,0.000,0.000, 1,7,15, TURN_RIGHT_45,-0.050
2,43, 2.482,0.000,2.624, 10.000,0.000,0.000, 1,1,9, TURN_LEFT_90,-0.050
2,44, 2.529,0.000,2.618, 10.000,0.000,0.000, 1,0,8, TURN_RIGHT_45,0.150
2,45, 2.555,0.000,2.615, 10.000,0.000,0.000, 1,0,8, SPRINT,0.000
2,46, 2.568,0.000,2.613, 10.000,0.000,0.000, 1,7,15, TURN_RIGHT_45,-0.050
2,47, 2.576,0.000,2.612, 10.000,0.000,0.000, 1,0,8, TURN_LEFT_45,0.150
2,48, 2.580,0.000,2.612, 10.000,0.000,0.000, 1,7,15, TURN_RIGHT_45,-0.050
2,49, 2.583,0.000,2.612, 10.000,0.000,0.000, 1,0,8, TURN_LEFT_45,0.150
2,50, 2.584,0.000,2.611, 10.000,0.000,0.000, 1,7,15, TURN_RIGHT_45,-0.050
2,51, 2.584,0.000,2.611, 10.000,0.000,0.000, 1,0,8, TURN_LEFT_45,0.150
2,52, 2.585,0.000,2.611, 10.000,0.000,0.000, 1,0,8, ATTACK,-0.500
2,53, 2.585,0.000,2.611, 10.000,0.000,0.000, 1,7,15, TURN_RIGHT_45,-0.050
2,54, 2.585,0.000,2.611, 10.000,0.000,0.000, 1,0,8, TURN_LEFT_45,0.150
2,55, 2.585,0.000,2.611, 10.000,0.000,0.000, 1,7,15, TURN_RIGHT_45,-0.050
2,56, 2.585,0.000,2.611, 10.000,0.000,0.000, 1,0,8, TURN_LEFT_45,0.150
2,57, 2.585,0.000,2.592, 10.000,0.000,0.000, 1,0,8, STRAFE_LEFT,0.000
2,58, 2.572,0.000,2.567, 10.000,0.000,0.000, 1,1,9, TURN_LEFT_45,-0.050
2,59, 2.564,0.000,2.535, 10.000,0.000,0.000, 1,0,8, TURN_RIGHT_45,0.150
2,60, 2.574,0.000,2.503, 10.000,0.000,0.000, 1,7,15, TURN_RIGHT_45,-0.050
2,61, 2.579,0.000,2.466, 10.000,0.000,0.000, 1,0,8, TURN_LEFT_45,0.150
2,62, 2.596,0.000,2.433, 10.000,0.000,0.000, 1,7,15, TURN_RIGHT_45,-0.050
2,63, 2.605,0.000,2.395, 10.000,0.000,0.000, 1,0,8, TURN_LEFT_45,0.150
2,64, 2.623,0.000,2.360, 10.000,0.000,0.000, 1,7,15, TURN_RIGHT_45,-0.050
2,65, 2.634,0.000,2.322, 10.000,0.000,0.000, 1,0,8, TURN_LEFT_45,0.150
2,66, 2.653,0.000,2.288, 10.000,0.000,0.000, 1,7,15, TURN_RIGHT_45,-0.050
2,67, 2.663,0.000,2.249, 10.000,0.000,0.000, 1,0,8, TURN_LEFT_45,0.150
2,68, 2.655,0.000,2.215, 10.000,0.000,0.000, 1,1,9, TURN_LEFT_45,-0.050
2,69, 2.651,0.000,2.176, 10.000,0.000,0.000, 1,0,8, TURN_RIGHT_45,0.150
2,70, 2.662,0.000,2.142, 10.000,0.000,0.000, 1,7,15, TURN_RIGHT_45,-0.050
2,71, 2.669,0.000,2.103, 10.000,0.000,0.000, 1,0,8, TURN_LEFT_45,0.150
2,72, 2.686,0.000,2.069, 10.000,0.000,0.000, 1,7,15, TURN_RIGHT_45,-0.050
2,73, 2.695,0.000,2.030, 10.000,0.000,0.000, 1,0,8, TURN_LEFT_45,0.150
2,74, 2.700,0.000,2.009, 10.000,0.000,0.000, 1,0,8, STRAFE_LEFT,0.000
2,75, 2.703,0.000,1.998, 10.000,0.000,0.000, 1,7,15, TURN_RIGHT_45,-0.050
2,76, 2.704,0.000,1.992, 10.000,0.000,0.000, 1,0,8, TURN_LEFT_45,0.150
2,77, 2.705,0.000,1.988, 10.000,0.000,0.000, 1,7,15, TURN_RIGHT_45,-0.050
2,78, 2.706,0.000,1.986, 10.000,0.000,0.000, 1,0,8, TURN_LEFT_45,0.150
2,79, 2.706,0.000,1.985, 10.000,0.000,0.000, 1,7,15, TURN_RIGHT_45,-0.050
2,80, 2.706,0.000,1.985, 10.000,0.000,0.000, 1,0,8, TURN_LEFT_45,0.150
2,81, 2.726,0.000,1.984, 10.000,0.000,0.000, 1,0,8, MOVE_FORWARD,0.000
2,82, 2.750,0.000,1.998, 10.000,0.000,0.000, 1,7,15, TURN_RIGHT_45,-0.050
2,83, 2.783,0.000,2.005, 10.000,0.000,0.000, 1,0,8, TURN_LEFT_45,0.150
2,84, 2.814,0.000,2.023, 10.000,0.000,0.000, 1,7,15, TURN_RIGHT_45,-0.050
2,85, 2.851,0.000,2.033, 10.000,0.000,0.000, 1,0,8, TURN_LEFT_45,0.150
2,86, 2.871,0.000,2.038, 10.000,0.000,0.000, 1,0,8, MOVE_FORWARD,0.000
2,87, 2.882,0.000,2.041, 10.000,0.000,0.000, 1,7,15, TURN_RIGHT_45,-0.050
2,88, 2.888,0.000,2.043, 10.000,0.000,0.000, 1,0,8, TURN_LEFT_45,0.150
2,89, 2.891,0.000,2.043, 10.000,0.000,0.000, 1,7,15, TURN_RIGHT_45,-0.050
2,90, 2.893,0.000,2.044, 10.000,0.000,0.000, 1,0,8, TURN_LEFT_45,0.150
2,91, 2.894,0.420,2.044, 10.000,0.000,0.000, 1,0,8, JUMP,-0.020
2,92, 2.895,0.753,2.044, 10.000,0.000,0.000, 1,7,15, TURN_RIGHT_45,-0.050
2,93, 2.896,1.001,2.045, 10.000,0.000,0.000, 1,0,8, TURN_LEFT_45,0.150
2,94, 2.896,1.166,2.045, 10.000,0.000,0.000, 1,7,15, TURN_RIGHT_45,-0.050
2,95, 2.897,1.249,2.045, 10.000,0.000,0.000, 1,0,8, TURN_LEFT_45,0.150
2,96, 2.898,1.252,2.065, 10.000,0.000,0.000, 1,0,8, STRAFE_RIGHT,0.000
2,97, 2.885,1.177,2.096, 10.000,0.000,0.000, 1,7,15, TURN_RIGHT_45,-0.050
2,98, 2.873,1.024,2.144, 10.000,0.000,0.000, 1,0,8, TURN_LEFT_45,0.150
2,99, 2.848,0.797,2.202, 10.000,0.000,0.000, 1,7,15, TURN_RIGHT_45,-0.050
2,100, 2.825,0.495,2.274, 10.000,0.000,0.000, 1,0,8, TURN_LEFT_45,0.150
2,101, 2.791,0.121,2.353, 10.000,0.000,0.000, 1,7,15, TURN_RIGHT_45,-0.050
2,102, 2.760,0.000,2.444, 10.000,0.000,0.000, 1,0,8, TURN_LEFT_45,0.150
2,103, 2.730,0.000,2.508, 10.000,0.000,0.000, 1,7,15, TURN_RIGHT_45,-0.050
2,104, 2.713,0.000,2.562, 10.000,0.000,0.000, 1,0,8, TURN_LEFT_45,0.150
2,105, 2.690,0.000,2.605, 10.000,0.000,0.000, 1,7,15, TURN_RIGHT_45,-0.050
2,106, 2.677,0.000,2.648, 10.000,0.000,0.000, 1,0,8, TURN_LEFT_45,0.150
2,107, 2.671,0.000,2.672, 10.000,0.000,0.000, 1,0,8, STRAFE_RIGHT,0.000
2,108, 2.647,0.000,2.685, 10.000,0.000,0.000, 1,0,8, MOVE_BACK,0.000
2,109, 2.621,0.000,2.678, 10.000,0.000,0.000, 1,7,15, TURN_RIGHT_45,-0.050
2,110, 2.587,0.000,2.674, 10.000,0.000,0.000, 1,0,8, TURN_LEFT_45,0.150
2,111, 2.555,0.000,2.659, 10.000,0.000,0.000, 1,7,15, TURN_RIGHT_45,-0.050
2,112, 2.518,0.000,2.650, 10.000,0.000,0.000, 1,0,8, TURN_LEFT_45,0.150
2,113, 2.484,0.000,2.632, 10.000,0.000,0.000, 1,7,15, TURN_RIGHT_45,-0.050
2,114, 2.446,0.000,2.622, 10.000,0.000,0.000, 1,0,8, TURN_LEFT_45,0.150
2,115, 2.412,0.000,2.602, 10.000,0.000,0.000, 1,7,15, TURN_RIGHT_45,-0.050
2,116, 2.373,0.000,2.592, 10.000,0.000,0.000, 1,0,8, TURN_LEFT_45,0.150
2,117, 2.339,0.000,2.572, 10.000,0.000,0.000, 1,7,15, TURN_RIGHT_45,-0.050
2,118, 2.300,0.000,2.562, 10.000,0.000,0.000, 1,0,8, TURN_LEFT_45,0.150
2,119, 2.266,0.000,2.542, 10.000,0.000,0.000, 1,7,15, TURN_RIGHT_45,-0.050
2,120, 2.227,0.000,2.531, 10.000,0.000,0.000, 1,0,8, TURN_LEFT_45,0.150
2,121, 2.193,0.000,2.512, 10.000,0.000,0.000, 1,7,15, TURN_RIGHT_45,-0.050
2,122, 2.154,0.000,2.501, 10.000,0.000,0.000, 1,0,8, TURN_LEFT_45,0.150
2,123, 2.120,0.000,2.482, 10.000,0.000,0.000, 1,7,15, TURN_RIGHT_45,-0.050
2,124, 2.081,0.000,2.471, 10.000,0.000,0.000, 1,0,8, TURN_LEFT_45,0.150
2,125, 2.046,0.000,2.451, 10.000,0.000,0.000, 1,7,15, TURN_RIGHT_45,-0.050
2,126, 2.008,0.000,2.441, 10.000,0.000,0.000, 1,0,8, TURN_LEFT_45,0.150
2,127, 1.973,0.000,2.421, 10.000,0.000,0.000, 1,7,15, TURN_RIGHT_45,-0.050
2,128, 1.935,0.000,2.410, 10.000,0.000,0.000, 1,0,8, TURN_LEFT_45,0.150
2,129, 1.900,0.000,2.391, 10.000,0.000,0.000, 1,7,15, TURN_RIGHT_45,-0.050
2,130, 1.862,0.000,2.380, 10.000,0.000,0.000, 1,0,8, TURN_LEFT_45,0.150
2,131, 1.822,0.000,2.374, 10.000,0.000,0.000, 1,0,8, ATTACK,-0.500
2,132, 1.786,0.000,2.357, 10.000,0.000,0.000, 1,7,15, TURN_RIGHT_45,-0.050
2,133, 1.747,0.000,2.348, 10.000,0.000,0.000, 1,0,8, TURN_LEFT_45,0.150
2,134, 1.712,0.000,2.329, 10.000,0.000,0.000, 1,7,15, TURN_RIGHT_45,-0.050
2,135, 1.673,0.000,2.319, 10.000,0.000,0.000, 1,0,8, TURN_LEFT_45,0.150
2,136, 1.639,0.000,2.300, 10.000,0.000,0.000, 1,7,15, TURN_RIGHT_45,-0.050
2,137, 1.620,0.000,2.262, 10.000,0.000,0.000, 1,7,15, STRAFE_LEFT,0.000
2,138, 1.637,0.000,2.241, 10.000,0.000,0.000, 1,5,13, TURN_RIGHT_90,-0.050
2,139, 1.665,0.000,2.210, 10.000,0.000,0.000, 1,6,14, TURN_LEFT_45,0.150
2,140, 1.681,0.000,2.166, 10.000,0.000,0.000, 1,7,15, TURN_LEFT_45,0.150
2,141, 1.670,0.000,2.122, 10.000,0.000,0.000, 1,0,8, TURN_LEFT_45,0.150
2,142, 1.664,0.000,2.071, 10.000,0.000,0.000, 1,7,15, TURN_RIGHT_45,-0.050
2,143, 1.642,0.000,2.024, 10.000,0.000,0.000, 1,0,8, TURN_LEFT_45,0.150
2,144, 1.629,0.000,1.970, 10.000,0.000,0.000, 1,7,15, TURN_RIGHT_45,-0.050
2,145, 1.603,0.000,1.922, 10.000,0.000,0.000, 1,0,8, TURN_LEFT_45,0.150
2,146, 1.589,0.000,1.868, 10.000,0.000,0.000, 1,7,15, TURN_RIGHT_45,-0.050
2,147, 1.562,0.000,1.819, 10.000,0.000,0.000, 1,0,8, TURN_LEFT_45,0.150
2,148, 1.547,0.000,1.765, 10.000,0.000,0.000, 1,7,15, TURN_RIGHT_45,-0.050
2,149, 1.519,0.000,1.716, 10.000,0.000,0.000, 1,0,8, TURN_LEFT_45,0.150
2,150, 1.477,0.000,1.689, 10.000,0.000,0.000, 1,1,9, TURN_LEFT_45,-0.050
2,151, 1.434,0.000,1.655, 10.000,0.000,0.000, 1,0,8, TURN_RIGHT_45,0.150
2,152, 1.411,0.000,1.617, 10.000,0.000,0.000, 1,0,8, MOVE_FORWARD,0.000
2,153, 1.412,0.000,1.582, 10.000,0.000,0.000, 1,7,15, TURN_RIGHT_45,-0.050
2,154, 1.412,0.000,1.544, 10.000,0.000,0.000, 1,0,8, TURN_LEFT_45,0.150
2,155, 1.413,0.000,1.504, 10.000,0.000,0.000, 1,0,8, ATTACK,-0.500
2,156, 1.413,0.420,1.462, 10.000,0.000,0.000, 1,0,8, JUMP,-0.020
2,157, 1.413,0.753,1.405, 10.000,0.000,0.000, 1,0,8, ATTACK,-0.500
2,158, 1.427,1.001,1.339, 10.000,0.000,0.000, 1,7,15, TURN_RIGHT_45,-0.050
2,159, 1.439,1.166,1.260, 10.000,0.000,0.000, 1,0,8, TURN_LEFT_45,0.150
2,160, 1.465,1.249,1.174, 10.000,0.000,0.000, 1,7,15, TURN_RIGHT_45,-0.050
2,161, 1.488,1.252,1.077, 10.000,0.000,0.000, 1,0,8, TURN_LEFT_45,0.150
2,162, 1.522,1.177,0.974, 10.000,0.000,0.000, 1,7,15, TURN_RIGHT_45,-0.050
2,163, 1.554,1.024,0.861, 10.000,0.000,0.000, 1,0,8, TURN_LEFT_45,0.150
2,164, 1.582,0.797,0.759, 10.000,0.000,0.000, 1,0,8, STRAFE_LEFT,0.000
2,165, 1.609,0.495,0.665, 10.000,0.000,0.000, 1,7,15, TURN_RIGHT_45,-0.050
2,166, 1.632,0.121,0.581, 10.000,0.000,0.000, 1,0,8, TURN_LEFT_45,0.150
2,167, 1.654,0.000,0.503, 10.000,0.000,0.000, 1,7,15, TURN_RIGHT_45,-0.050
2,168, 1.666,0.000,0.461, 10.000,0.000,0.000, 1,0,8, TURN_LEFT_45,0.150
2,169, 1.672,0.000,0.438, 10.000,0.000,0.000, 1,0,8, ATTACK,-0.500
2,170, 1.676,0.000,0.425, 10.000,0.000,0.000, 1,7,15, TURN_RIGHT_45,-0.050
2,171, 1.678,0.000,0.419, 10.000,0.000,0.000, 1,6,14, TURN_RIGHT_45,-0.050
2,172, 1.679,0.000,0.415, 10.000,0.000,0.000, 1,7,15, TURN_LEFT_45,0.150
2,173, 1.679,0.000,0.413, 10.000,0.000,0.000, 1,0,8, TURN_LEFT_45,0.150
2,174, 1.680,0.000,0.412, 10.000,0.000,0.000, 1,1,9, TURN_LEFT_45,-0.050
2,175, 1.680,0.000,0.411, 10.000,0.000,0.000, 1,0,8, TURN_RIGHT_45,0.150
2,176, 1.680,0.000,0.411, 10.000,0.000,0.000, 1,7,15, TURN_RIGHT_45,-0.050
2,177, 1.680,0.000,0.410, 10.000,0.000,0.000, 1,0,8, TURN_LEFT_45,0.150
2,178, 1.680,0.000,0.391, 10.000,0.000,0.000, 1,0,8, STRAFE_LEFT,0.000
2,179, 1.694,0.000,0.367, 10.000,0.000,0.000, 1,7,15, TURN_RIGHT_45,-0.050
2,180, 1.701,0.000,0.334, 10.000,0.000,0.000, 1,0,8, TURN_LEFT_45,0.150
2,181, 1.686,0.000,0.316, 10.000,0.000,0.000, 1,2,10, TURN_LEFT_90,-0.050
2,182, 1.677,0.000,0.287, 10.000,0.000,0.000, 1,0,8, TURN_RIGHT_90,0.150
2,183, 1.687,0.000,0.257, 10.000,0.000,0.000, 1,7,15, TURN_RIGHT_45,-0.050
2,184, 1.692,0.000,0.221, 10.000,0.000,0.000, 1,0,8, TURN_LEFT_45,0.150
2,185, 1.708,0.000,0.188, 10.000,0.000,0.000, 1,7,15, TURN_RIGHT_45,-0.050
2,186, 1.717,0.000,0.151, 10.000,0.000,0.000, 1,0,8, TURN_LEFT_45,0.150
2,187, 1.736,0.000,0.116, 10.000,0.000,0.000, 1,7,15, TURN_RIGHT_45,-0.050
2,188, 1.760,0.000,0.084, 10.000,0.000,0.000, 1,7,15, MOVE_BACK,0.000
2,189, 1.773,0.000,0.047, 10.000,0.000,0.000, 1,0,8, TURN_LEFT_45,0.150
2,190, 1.794,0.000,0.013, 10.000,0.000,0.000, 1,7,15, TURN_RIGHT_45,-0.050
2,191, 1.805,0.000,-0.025, 10.000,0.000,0.000, 1,0,8, TURN_LEFT_45,0.150
2,192, 1.825,0.000,-0.060, 10.000,0.000,0.000, 1,7,15, TURN_RIGHT_45,-0.050
2,193, 1.836,0.000,-0.106, 10.000,0.000,0.000, 1,7,15, MOVE_FORWARD,0.000
2,194, 1.822,0.000,-0.151, 10.000,0.000,0.000, 1,0,8, TURN_LEFT_45,0.150
2,195, 1.815,0.000,-0.203, 10.000,0.000,0.000, 1,7,15, TURN_RIGHT_45,-0.050
2,196, 1.811,0.000,-0.258, 10.000,0.000,0.000, 1,7,15, SPRINT,0.000
2,197, 1.789,0.000,-0.308, 10.000,0.000,0.000, 1,0,8, TURN_LEFT_45,0.150
2,198, 1.778,0.000,-0.363, 10.000,0.000,0.000, 1,7,15, TURN_RIGHT_45,-0.050
2,199, 1.771,0.000,-0.420, 10.000,0.000,0.000, 1,7,15, STRAFE_RIGHT,0.000
2,200, 1.748,0.000,-0.471, 10.000,0.000,0.000, 1,0,8, TURN_LEFT_45,0.150
2,201, 1.736,0.000,-0.526, 10.000,0.000,0.000, 1,7,15, TURN_RIGHT_45,-0.050
2,202, 1.729,0.000,-0.584, 10.000,0.000,0.000, 1,7,15, ATTACK,-0.500
2,203, 1.706,0.000,-0.635, 10.000,0.000,0.000, 1,0,8, TURN_LEFT_45,0.150
2,204, 1.693,0.000,-0.690, 10.000,0.000,0.000, 1,7,15, TURN_RIGHT_45,-0.050
2,205, 1.686,0.420,-0.748, 10.000,0.000,0.000, 1,7,15, JUMP,-0.020
2,206, 1.660,0.753,-0.820, 10.000,0.000,0.000, 1,0,8, TURN_LEFT_45,0.150
2,207, 1.637,1.001,-0.913, 10.000,0.000,0.000, 1,7,15, TURN_RIGHT_45,-0.050
2,208, 1.596,1.166,-1.016, 10.000,0.000,0.000, 1,0,8, TURN_LEFT_45,0.150
2,209, 1.559,1.249,-1.139, 10.000,0.000,0.000, 1,7,15, TURN_RIGHT_45,-0.050
2,210, 1.506,1.252,-1.269, 10.000,0.000,0.000, 1,0,8, TURN_LEFT_45,0.150
2,211, 1.458,1.177,-1.415, 10.000,0.000,0.000, 1,7,15, TURN_RIGHT_45,-0.050
2,212, 1.394,1.024,-1.568, 10.000,0.000,0.000, 1,0,8, TURN_LEFT_45,0.150
2,213, 1.336,0.797,-1.734, 10.000,0.000,0.000, 1,7,15, TURN_RIGHT_45,-0.050
2,214, 1.264,0.495,-1.905, 10.000,0.000,0.000, 1,0,8, TURN_LEFT_45,0.150
2,215, 1.171,0.121,-2.060, 10.000,0.000,0.000, 1,1,9, TURN_LEFT_45,-0.050
2,216, 1.067,0.000,-2.221, 10.000,0.000,0.000, 1,0,8, TURN_RIGHT_45,0.150
2,217, 1.011,0.000,-2.336, 10.000,0.000,0.000, 1,7,15, TURN_RIGHT_45,-0.050
2,218, 0.960,0.000,-2.419, 10.000,0.000,0.000, 1,0,8, TURN_LEFT_45,0.150
2,219, 0.933,0.000,-2.491, 10.000,0.000,0.000, 1,7,15, TURN_RIGHT_45,-0.050
2,220, 0.918,0.000,-2.558, 10.000,0.000,0.000, 1,7,15, ATTACK,-0.500
2,221, 0.923,0.000,-2.609, 10.000,0.000,0.000, 1,7,15, MOVE_BACK,0.000
2,222, 0.926,0.000,-2.656, 10.000,0.000,0.000, 1,0,8, TURN_LEFT_45,0.150
2,223, 0.942,0.000,-2.695, 10.000,0.000,0.000, 1,7,15, TURN_RIGHT_45,-0.050
2,224, 0.950,0.000,-2.736, 10.000,0.000,0.000, 1,0,8, TURN_LEFT_45,0.150
2,225, 0.968,0.000,-2.772, 10.000,0.000,0.000, 1,7,15, TURN_RIGHT_45,-0.050
2,226, 0.978,0.000,-2.811, 10.000,0.000,0.000, 1,0,8, TURN_LEFT_45,0.150
2,227, 0.997,0.000,-2.846, 10.000,0.000,0.000, 1,7,15, TURN_RIGHT_45,-0.050
2,228, 1.008,0.000,-2.885, 10.000,0.000,0.000, 1,0,8, TURN_LEFT_45,0.150
2,229, 1.027,0.000,-2.920, 10.000,0.000,0.000, 1,7,15, TURN_RIGHT_45,-0.050
2,230, 1.038,0.000,-2.958, 10.000,0.000,0.000, 1,0,8, TURN_LEFT_45,0.150
2,231, 1.044,0.000,-2.998, 10.000,0.000,0.000, 1,0,8, STRAFE_RIGHT,0.000
2,232, 1.061,0.000,-3.034, 10.000,0.000,0.000, 1,7,15, TURN_RIGHT_45,-0.050
2,233, 1.070,0.000,-3.073, 10.000,0.000,0.000, 1,0,8, TURN_LEFT_45,0.150
2,234, 1.089,0.000,-3.108, 10.000,0.000,0.000, 1,7,15, TURN_RIGHT_45,-0.050
2,235, 1.099,0.000,-3.147, 10.000,0.000,0.000, 1,0,8, TURN_LEFT_45,0.150
2,236, 1.118,0.000,-3.182, 10.000,0.000,0.000, 1,7,15, TURN_RIGHT_45,-0.050
2,237, 1.129,0.000,-3.220, 10.000,0.000,0.000, 1,0,8, TURN_LEFT_45,0.150
2,238, 1.148,0.000,-3.255, 10.000,0.000,0.000, 1,7,15, TURN_RIGHT_45,-0.050
2,239, 1.159,0.000,-3.293, 10.000,0.000,0.000, 1,0,8, TURN_LEFT_45,0.150
2,240, 1.184,0.000,-3.314, 10.000,0.000,0.000, 1,6,14, TURN_RIGHT_90,-0.050
2,241, 1.212,0.000,-3.339, 10.000,0.000,0.000, 1,7,15, TURN_LEFT_45,0.150
2,242, 1.227,0.000,-3.372, 10.000,0.000,0.000, 1,0,8, TURN_LEFT_45,0.150
2,243, 1.249,0.000,-3.404, 10.000,0.000,0.000, 1,7,15, TURN_RIGHT_45,-0.050
2,244, 1.261,0.000,-3.441, 10.000,0.000,0.000, 1,0,8, TURN_LEFT_45,0.150
2,245, 1.281,0.000,-3.475, 10.000,0.000,0.000, 1,7,15, TURN_RIGHT_45,-0.050
2,246, 1.292,0.000,-3.513, 10.000,0.000,0.000, 1,0,8, TURN_LEFT_45,0.150
2,247, 1.312,0.000,-3.547, 10.000,0.000,0.000, 1,7,15, TURN_RIGHT_45,-0.050
2,248, 1.323,0.000,-3.585, 10.000,0.000,0.000, 1,0,8, TURN_LEFT_45,0.150
2,249, 1.342,0.000,-3.620, 10.000,0.000,0.000, 1,0,8, TURN_RIGHT_45,-0.050
2,250, 1.373,0.000,-3.639, 10.000,0.000,0.000, 1,7,15, TURN_RIGHT_45,-0.050
2,251, 1.403,0.000,-3.663, 10.000,0.000,0.000, 1,0,8, TURN_LEFT_45,0.150
2,252, 1.433,0.420,-3.690, 10.000,0.000,0.000, 1,0,8, JUMP,-0.020
2,253, 1.480,0.753,-3.714, 10.000,0.000,0.000, 1,7,15, TURN_RIGHT_45,-0.050
2,254, 1.536,1.001,-3.750, 10.000,0.000,0.000, 1,0,8, TURN_LEFT_45,0.150
2,255, 1.607,1.166,-3.783, 10.000,0.000,0.000, 1,7,15, TURN_RIGHT_45,-0.050
2,256, 1.685,1.249,-3.799, 10.000,0.000,0.000, 1,6,14, TURN_RIGHT_45,-0.050
2,257, 1.776,1.252,-3.814, 10.000,0.000,0.000, 1,7,15, TURN_LEFT_45,0.150
2,258, 1.872,1.177,-3.841, 10.000,0.000,0.000, 1,0,8, TURN_LEFT_45,0.150
2,259, 1.979,1.024,-3.865, 10.000,0.000,0.000, 1,7,15, TURN_RIGHT_45,-0.050
2,260, 2.090,0.797,-3.902, 10.000,0.000,0.000, 1,0,8, TURN_LEFT_45,0.150
2,261, 2.211,0.495,-3.935, 10.000,0.000,0.000, 1,7,15, TURN_RIGHT_45,-0.050
2,262, 2.334,0.121,-3.978, 10.000,0.000,0.000, 1,0,8, TURN_LEFT_45,0.150
2,263, 2.466,0.000,-4.018, 10.000,0.000,0.000, 1,7,15, TURN_RIGHT_45,-0.050
2,264, 2.551,0.000,-4.053, 10.000,0.000,0.000, 1,0,8, TURN_LEFT_45,0.150
2,265, 2.612,0.420,-4.086, 10.000,0.000,0.000, 1,0,8, JUMP,-0.020
2,266, 2.686,0.753,-4.117, 10.000,0.000,0.000, 1,7,15, TURN_RIGHT_45,-0.050
2,267, 2.773,1.001,-4.144, 10.000,0.000,0.000, 1,7,15, STRAFE_RIGHT,0.000
2,268, 2.867,1.166,-4.183, 10.000,0.000,0.000, 1,0,8, TURN_LEFT_45,0.150
2,269, 2.971,1.249,-4.218, 10.000,0.000,0.000, 1,7,15, TURN_RIGHT_45,-0.050
2,270, 3.079,1.252,-4.264, 10.000,0.000,0.000, 1,0,8, TURN_LEFT_45,0.150
2,271, 3.192,1.177,-4.291, 10.000,0.000,0.000, 1,6,14, TURN_RIGHT_90,-0.050
2,272, 3.314,1.024,-4.317, 10.000,0.000,0.000, 1,7,15, TURN_LEFT_45,0.150
2,273, 3.438,0.797,-4.354, 10.000,0.000,0.000, 1,0,8, TURN_LEFT_45,0.150
2,274, 3.571,0.495,-4.387, 10.000,0.000,0.000, 1,7,15, TURN_RIGHT_45,-0.050
2,275, 3.705,0.121,-4.431, 10.000,0.000,0.000, 1,0,8, TURN_LEFT_45,0.150
2,276, 3.847,0.000,-4.472, 10.000,0.000,0.000, 1,7,15, TURN_RIGHT_45,-0.050
2,277, 3.944,0.420,-4.494, 10.000,0.000,0.000, 1,7,15, JUMP,-0.020
2,278, 4.046,0.753,-4.527, 10.000,0.000,0.000, 1,0,8, TURN_LEFT_45,0.150
2,279, 4.158,1.001,-4.558, 10.000,0.000,0.000, 1,7,15, TURN_RIGHT_45,-0.050
2,280, 4.274,1.166,-4.600, 10.000,0.000,0.000, 1,0,8, TURN_LEFT_45,0.150
2,281, 4.399,1.249,-4.638, 10.000,0.000,0.000, 1,7,15, TURN_RIGHT_45,-0.050
2,282, 4.526,1.252,-4.686, 10.000,0.000,0.000, 1,0,8, TURN_LEFT_45,0.150
2,283, 4.662,1.177,-4.730, 10.000,0.000,0.000, 1,7,15, TURN_RIGHT_45,-0.050
2,284, 4.799,1.024,-4.784, 10.000,0.000,0.000, 1,0,8, TURN_LEFT_45,0.150
2,285, 4.943,0.797,-4.833, 10.000,0.000,0.000, 1,7,15, TURN_RIGHT_45,-0.050
2,286, 5.087,0.495,-4.891, 10.000,0.000,0.000, 1,0,8, TURN_LEFT_45,0.150
2,287, 5.238,0.121,-4.944, 10.000,0.000,0.000, 1,7,15, TURN_RIGHT_45,-0.050
2,288, 5.390,0.000,-5.006, 10.000,0.000,0.000, 1,0,8, TURN_LEFT_45,0.150
2,289, 5.492,0.000,-5.040, 10.000,0.000,0.000, 1,7,15, TURN_RIGHT_45,-0.050
2,290, 5.561,0.000,-5.072, 10.000,0.000,0.000, 1,0,8, TURN_LEFT_45,0.150
2,291, 5.619,0.000,-5.089, 10.000,0.000,0.000, 1,7,15, TURN_RIGHT_45,-0.050
2,292, 5.664,0.000,-5.113, 10.000,0.000,0.000, 1,0,8, TURN_LEFT_45,0.150
2,293, 5.708,0.000,-5.125, 10.000,0.000,0.000, 1,7,15, TURN_RIGHT_45,-0.050
2,294, 5.745,0.000,-5.146, 10.000,0.000,0.000, 1,0,8, TURN_LEFT_45,0.150
2,295, 5.785,0.000,-5.157, 10.000,0.000,0.000, 1,7,15, TURN_RIGHT_45,-0.050
2,296, 5.821,0.000,-5.177, 10.000,0.000,0.000, 1,0,8, TURN_LEFT_45,0.150
2,297, 5.860,0.000,-5.188, 10.000,0.000,0.000, 1,7,15, TURN_RIGHT_45,-0.050
2,298, 5.895,0.000,-5.208, 10.000,0.000,0.000, 1,0,8, TURN_LEFT_45,0.150
2,299, 5.928,0.420,-5.232, 10.000,0.000,0.000, 1,0,8, JUMP,-0.020
3,0, 0.025,0.000,0.000, 10.000,0.000,0.000, 1,0,8, SPRINT,0.300
3,1, 0.064,0.000,0.000, 10.000,0.000,0.000, 1,0,8, MOVE_BACK,0.000
3,2, 0.103,0.000,0.018, 10.000,0.000,0.000, 1,7,15, TURN_RIGHT_45,-0.050
3,3, 0.107,0.000,0.045, 10.000,0.000,0.000, 1,5,13, TURN_RIGHT_90,-0.050
3,4, 0.109,0.000,0.086, 10.000,0.000,0.000, 1,6,14, TURN_LEFT_45,0.150
3,5, 0.135,0.000,0.108, 10.000,0.000,0.000, 1,0,8, TURN_LEFT_90,0.150
3,6, 0.167,0.000,0.138, 10.000,0.000,0.000, 1,7,15, TURN_RIGHT_45,-0.050
3,7, 0.210,0.000,0.154, 10.000,0.000,0.000, 1,0,8, TURN_LEFT_45,0.150
3,8, 0.252,0.000,0.181, 10.000,0.000,0.000, 1,7,15, TURN_RIGHT_45,-0.050
3,9, 0.299,0.000,0.195, 10.000,0.000,0.000, 1,0,8, TURN_LEFT_45,0.150
3,10, 0.325,0.000,0.229, 10.000,0.000,0.000, 1,6,14, TURN_RIGHT_90,-0.050
3,11, 0.358,0.000,0.265, 10.000,0.000,0.000, 1,7,15, TURN_LEFT_45,0.150
3,12, 0.393,0.000,0.302, 10.000,0.000,0.000, 1,7,15, ATTACK,-0.500
3,13, 0.438,0.000,0.323, 10.000,0.000,0.000, 1,0,8, TURN_LEFT_45,0.150
3,14, 0.480,0.000,0.352, 10.000,0.000,0.000, 1,7,15, TURN_RIGHT_45,-0.050
3,15, 0.528,0.000,0.368, 10.000,0.000,0.000, 1,0,8, TURN_LEFT_45,0.150
3,16, 0.572,0.000,0.358, 10.000,0.000,0.000, 1,1,9, TURN_LEFT_45,-0.050
3,17, 0.596,0.000,0.353, 10.000,0.000,0.000, 1,1,9, SPRINT,0.000
3,18, 0.610,0.000,0.351, 10.000,0.000,0.000, 1,0,8, TURN_RIGHT_45,0.150
3,19, 0.617,0.000,0.349, 10.000,0.000,0.000, 1,7,15, TURN_RIGHT_45,-0.050
3,20, 0.621,0.000,0.348, 10.000,0.000,0.000, 1,0,8, TURN_LEFT_45,0.150
3,21, 0.623,0.000,0.348, 10.000,0.000,0.000, 1,7,15, TURN_RIGHT_45,-0.050
3,22, 0.624,0.000,0.348, 10.000,0.000,0.000, 1,0,8, TURN_LEFT_45,0.150
3,23, 0.625,0.000,0.347, 10.000,0.000,0.000, 1,7,15, TURN_RIGHT_45,-0.050
3,24, 0.611,0.000,0.361, 10.000,0.000,0.000, 1,7,15, STRAFE_RIGHT,0.000
3,25, 0.604,0.000,0.388, 10.000,0.000,0.000, 1,0,8, TURN_LEFT_45,0.150
3,26, 0.586,0.000,0.416, 10.000,0.000,0.000, 1,7,15, TURN_RIGHT_45,-0.050
3,27, 0.577,0.000,0.432, 10.000,0.000,0.000, 1,7,15, STRAFE_RIGHT,0.000
3,28, 0.571,0.000,0.440, 10.000,0.000,0.000, 1,0,8, TURN_LEFT_45,0.150
3,29, 0.568,0.000,0.445, 10.000,0.000,0.000, 1,7,15, TURN_RIGHT_45,-0.050
3,30, 0.567,0.000,0.448, 10.000,0.000,0.000, 1,0,8, TURN_LEFT_45,0.150
3,31, 0.566,0.000,0.449, 10.000,0.000,0.000, 1,7,15, TURN_RIGHT_45,-0.050
3,32, 0.566,0.000,0.450, 10.000,0.000,0.000, 1,0,8, TURN_LEFT_45,0.150
3,33, 0.565,0.000,0.450, 10.000,0.000,0.000, 1,7,15, TURN_RIGHT_45,-0.050
3,34, 0.565,0.000,0.450, 10.000,0.000,0.000, 1,7,15, ATTACK,-0.500
3,35, 0.565,0.000,0.450, 10.000,0.000,0.000, 1,5,13, TURN_RIGHT_90,-0.050
3,36, 0.565,0.000,0.451, 10.000,0.000,0.000, 1,6,14, TURN_LEFT_45,0.150
3,37, 0.565,0.000,0.451, 10.000,0.000,0.000, 1,7,15, TURN_LEFT_45,0.150
3,38, 0.565,0.000,0.451, 10.000,0.000,0.000, 1,0,8, TURN_LEFT_45,0.150
3,39, 0.565,0.000,0.451, 10.000,0.000,0.000, 1,7,15, TURN_RIGHT_45,-0.050
3,40, 0.565,0.000,0.451, 10.000,0.000,0.000, 1,0,8, TURN_LEFT_45,0.150
3,41, 0.565,0.000,0.451, 10.000,0.000,0.000, 1,7,15, TURN_RIGHT_45,-0.050
3,42, 0.565,0.000,0.451, 10.000,0.000,0.000, 1,0,8, TURN_LEFT_45,0.150
3,43, 0.565,0.000,0.451, 10.000,0.000,0.000, 1,7,15, TURN_RIGHT_45,-0.050
3,44, 0.565,0.000,0.451, 10.000,0.000,0.000, 1,0,8, TURN_LEFT_45,0.150
3,45, 0.565,0.000,0.451, 10.000,0.000,0.000, 1,7,15, TURN_RIGHT_45,-0.050
3,46, 0.565,0.000,0.451, 10.000,0.000,0.000, 1,0,8, TURN_LEFT_45,0.150
3,47, 0.565,0.000,0.451, 10.000,0.000,0.000, 1,7,15, TURN_RIGHT_45,-0.050
3,48, 0.565,0.000,0.451, 10.000,0.000,0.000, 1,0,8, TURN_LEFT_45,0.150
3,49, 0.565,0.000,0.451, 10.000,0.000,0.000, 1,7,15, TURN_RIGHT_45,-0.050
3,50, 0.565,0.000,0.451, 10.000,0.000,0.000, 1,0,8, TURN_LEFT_45,0.150
3,51, 0.565,0.000,0.451, 10.000,0.000,0.000, 1,7,15, TURN_RIGHT_45,-0.050
3,52, 0.565,0.000,0.451, 10.000,0.000,0.000, 1,5,13, TURN_RIGHT_90,-0.050
3,53, 0.551,0.000,0.464, 10.000,0.000,0.000, 1,5,13, MOVE_FORWARD,0.000
3,54, 0.544,0.000,0.491, 10.000,0.000,0.000, 1,6,14, TURN_LEFT_45,0.150
3,55, 0.553,0.000,0.520, 10.000,0.000,0.000, 1,7,15, TURN_LEFT_45,0.150
3,56, 0.578,0.000,0.535, 10.000,0.000,0.000, 1,0,8, TURN_LEFT_45,0.150
3,57, 0.611,0.000,0.544, 10.000,0.000,0.000, 1,0,8, ATTACK,-0.500
3,58, 0.643,0.000,0.562, 10.000,0.000,0.000, 1,7,15, TURN_RIGHT_45,-0.050
3,59, 0.679,0.000,0.572, 10.000,0.000,0.000, 1,0,8, TURN_LEFT_45,0.150
3,60, 0.713,0.000,0.591, 10.000,0.000,0.000, 1,7,15, TURN_RIGHT_45,-0.050
3,61, 0.751,0.000,0.602, 10.000,0.000,0.000, 1,0,8, TURN_LEFT_45,0.150
3,62, 0.786,0.000,0.621, 10.000,0.000,0.000, 1,7,15, TURN_RIGHT_45,-0.050
3,63, 0.824,0.000,0.632, 10.000,0.000,0.000, 1,0,8, TURN_LEFT_45,0.150
3,64, 0.858,0.000,0.652, 10.000,0.000,0.000, 1,7,15, TURN_RIGHT_45,-0.050
3,65, 0.897,0.000,0.662, 10.000,0.000,0.000, 1,0,8, TURN_LEFT_45,0.150
3,66, 0.931,0.000,0.682, 10.000,0.000,0.000, 1,7,15, TURN_RIGHT_45,-0.050
3,67, 0.970,0.000,0.692, 10.000,0.000,0.000, 1,0,8, TURN_LEFT_45,0.150
3,68, 1.004,0.000,0.712, 10.000,0.000,0.000, 1,7,15, TURN_RIGHT_45,-0.050
3,69, 1.043,0.000,0.723, 10.000,0.000,0.000, 1,0,8, TURN_LEFT_45,0.150
3,70, 1.064,0.000,0.709, 10.000,0.000,0.000, 1,2,10, TURN_LEFT_90,-0.050
3,71, 1.075,0.000,0.682, 10.000,0.000,0.000, 1,2,10, MOVE_BACK,0.000
3,72, 1.081,0.000,0.623, 10.000,0.000,0.000, 1,2,10, SPRINT,0.000
3,73, 1.040,0.000,0.590, 10.000,0.000,0.000, 1,4,12, TURN_LEFT_90,-0.050
3,74, 0.986,0.000,0.604, 10.000,0.000,0.000, 1,5,13, TURN_LEFT_45,0.150
3,75, 0.956,0.000,0.657, 10.000,0.000,0.000, 1,6,14, TURN_LEFT_45,0.150
3,76, 0.972,0.000,0.717, 10.000,0.000,0.000, 1,7,15, TURN_LEFT_45,0.150
3,77, 1.025,0.000,0.750, 10.000,0.000,0.000, 1,0,8, TURN_LEFT_45,0.150
3,78, 1.086,0.000,0.799, 10.000,0.000,0.000, 1,7,15, TURN_RIGHT_45,-0.050
3,79, 1.119,0.000,0.871, 10.000,0.000,0.000, 1,6,14, TURN_RIGHT_45,-0.050
3,80, 1.168,0.000,0.942, 10.000,0.000,0.000, 1,7,15, TURN_LEFT_45,0.150
3,81, 1.240,0.000,0.980, 10.000,0.000,0.000, 1,0,8, TURN_LEFT_45,0.150
3,82, 1.311,0.000,1.033, 10.000,0.000,0.000, 1,7,15, TURN_RIGHT_45,-0.050
3,83, 1.394,0.000,1.062, 10.000,0.000,0.000, 1,0,8, TURN_LEFT_45,0.150
3,84, 1.471,0.000,1.109, 10.000,0.000,0.000, 1,7,15, TURN_RIGHT_45,-0.050
3,85, 1.482,0.000,1.167, 10.000,0.000,0.000, 1,5,13, TURN_RIGHT_90,-0.050
3,86, 1.488,0.000,1.243, 10.000,0.000,0.000, 1,6,14, TURN_LEFT_45,0.150
3,87, 1.491,0.420,1.329, 10.000,0.000,0.000, 1,6,14, JUMP,-0.020
3,88, 1.525,0.753,1.439, 10.000,0.000,0.000, 1,7,15, TURN_LEFT_45,0.150
3,89, 1.588,1.001,1.507, 10.000,0.000,0.000, 1,1,9, TURN_LEFT_90,-0.050
3,90, 1.690,1.166,1.570, 10.000,0.000,0.000, 1,0,8, TURN_RIGHT_45,0.150
3,91, 1.815,1.249,1.658, 10.000,0.000,0.000, 1,7,15, TURN_RIGHT_45,-0.050
3,92, 1.972,1.252,1.739, 10.000,0.000,0.000, 1,0,8, TURN_LEFT_45,0.150
3,93, 2.148,1.177,1.843, 10.000,0.000,0.000, 1,7,15, TURN_RIGHT_45,-0.050
3,94, 2.352,1.024,1.939, 10.000,0.000,0.000, 1,0,8, TURN_LEFT_45,0.150
3,95, 2.569,0.797,2.057, 10.000,0.000,0.000, 1,7,15, TURN_RIGHT_45,-0.050
3,96, 2.812,0.495,2.165, 10.000,0.000,0.000, 1,0,8, TURN_LEFT_45,0.150
3,97, 3.064,0.121,2.294, 10.000,0.000,0.000, 1,7,15, TURN_RIGHT_45,-0.050
3,98, 3.339,0.000,2.412, 10.000,0.000,0.000, 1,0,8, TURN_LEFT_45,0.150
3,99, 3.520,0.000,2.508, 10.000,0.000,0.000, 1,7,15, TURN_RIGHT_45,-0.050
3,100, 3.664,0.000,2.561, 10.000,0.000,0.000, 1,0,8, TURN_LEFT_45,0.150
3,101, 3.774,0.000,2.621, 10.000,0.000,0.000, 1,6,14, TURN_RIGHT_45,-0.050
3,102, 3.878,0.000,2.654, 10.000,0.000,0.000, 1,7,15, TURN_LEFT_45,0.150
3,103, 3.967,0.000,2.640, 10.000,0.000,0.000, 1,0,8, TURN_LEFT_45,0.150
3,104, 4.060,0.000,2.633, 10.000,0.000,0.000, 1,7,15, TURN_RIGHT_45,-0.050
3,105, 4.143,0.000,2.597, 10.000,0.000,0.000, 1,0,8, TURN_LEFT_45,0.150
3,106, 4.233,0.000,2.578, 10.000,0.000,0.000, 1,7,15, TURN_RIGHT_45,-0.050
3,107, 4.313,0.000,2.535, 10.000,0.000,0.000, 1,0,8, TURN_LEFT_45,0.150
3,108, 4.402,0.000,2.512, 10.000,0.000,0.000, 1,7,15, TURN_RIGHT_45,-0.050
3,109, 4.450,0.000,2.455, 10.000,0.000,0.000, 1,1,9, TURN_LEFT_90,-0.050
3,110, 4.508,0.000,2.392, 10.000,0.000,0.000, 1,0,8, TURN_RIGHT_45,0.150
3,111, 4.585,0.000,2.358, 10.000,0.000,0.000, 1,7,15, TURN_RIGHT_45,-0.050
3,112, 4.658,0.000,2.307, 10.000,0.000,0.000, 1,0,8, TURN_LEFT_45,0.150
3,113, 4.743,0.000,2.280, 10.000,0.000,0.000, 1,7,15, TURN_RIGHT_45,-0.050
3,114, 4.821,0.000,2.233, 10.000,0.000,0.000, 1,0,8, TURN_LEFT_45,0.150
3,115, 4.908,0.000,2.208, 10.000,0.000,0.000, 1,7,15, TURN_RIGHT_45,-0.050
3,116, 4.987,0.000,2.162, 10.000,0.000,0.000, 1,0,8, TURN_LEFT_45,0.150
3,117, 5.062,0.000,2.106, 10.000,0.000,0.000, 1,0,8, MOVE_BACK,0.000
3,118, 5.147,0.000,2.075, 10.000,0.000,0.000, 1,7,15, TURN_RIGHT_45,-0.050
3,119, 5.226,0.000,2.027, 10.000,0.000,0.000, 1,0,8, TURN_LEFT_45,0.150
3,120, 5.300,0.420,1.969, 10.000,0.000,0.000, 1,0,8, JUMP,-0.020
3,121, 5.399,0.753,1.884, 10.000,0.000,0.000, 0,1,1, MOVE_FORWARD,0.300
3,122, 5.503,1.001,1.794, 10.000,0.000,0.000, 0,1,1, SPRINT,0.000
3,123, 5.630,1.166,1.680, 10.000,0.000,0.000, 0,1,1, SPRINT,0.000
3,124, 5.758,1.249,1.562, 10.000,0.000,0.000, 0,1,1, SPRINT,0.000
3,125, 5.907,1.252,1.424, 10.000,0.000,0.000, 0,1,1, SPRINT,0.000
3,126, 6.056,1.177,1.284, 10.000,0.000,0.000, 0,1,1, SPRINT,0.000
3,127, 6.223,1.024,1.125, 10.000,0.000,0.000, 0,1,1, SPRINT,0.000
3,128, 6.389,0.797,0.967, 10.000,0.000,0.000, 0,1,1, SPRINT,0.000
3,129, 6.572,0.495,0.791, 10.000,0.000,0.000, 0,1,1, SPRINT,0.000
3,130, 6.706,0.121,0.600, 10.000,0.000,0.000, 0,3,3, TURN_LEFT_90,-0.050
3,131, 6.815,0.000,0.412, 10.000,0.000,0.000, 0,3,3, SPRINT,0.000
3,132, 6.843,0.000,0.278, 10.000,0.000,0.000, 0,3,3, SPRINT,0.000
3,133, 6.844,0.000,0.191, 10.000,0.000,0.000, 0,3,3, SPRINT,0.000
3,134, 6.814,0.000,0.112, 10.000,0.000,0.000, 0,3,3, SPRINT,0.000
3,135, 6.783,0.000,0.055, 10.000,0.000,0.000, 0,3,3, SPRINT,0.000
3,136, 6.735,0.000,-0.008, 10.000,0.000,0.000, 0,3,3, SPRINT,0.000
3,137, 6.695,0.000,-0.056, 10.000,0.000,0.000, 0,3,3, SPRINT,0.000
3,138, 6.641,0.000,-0.114, 10.000,0.000,0.000, 0,3,3, SPRINT,0.000
3,139, 6.598,0.000,-0.159, 10.000,0.000,0.000, 0,3,3, SPRINT,0.000
3,140, 6.543,0.000,-0.215, 10.000,0.000,0.000, 0,3,3, SPRINT,0.000
3,141, 6.499,0.000,-0.260, 10.000,0.000,0.000, 0,3,3, SPRINT,0.000
3,142, 6.444,0.000,-0.316, 10.000,0.000,0.000, 0,3,3, SPRINT,0.000
3,143, 6.382,0.000,-0.378, 10.000,0.000,0.000, 0,3,3, MOVE_BACK,0.000
3,144, 6.334,0.000,-0.426, 10.000,0.000,0.000, 0,3,3, SPRINT,0.000
3,145, 6.277,0.000,-0.483, 10.000,0.000,0.000, 0,3,3, SPRINT,0.000
3,146, 6.232,0.000,-0.528, 10.000,0.000,0.000, 0,3,3, SPRINT,0.000
3,147, 6.179,0.000,-0.553, 10.000,0.000,0.000, 0,3,3, STRAFE_LEFT,0.000
3,148, 6.106,0.000,-0.584, 10.000,0.000,0.000, 0,3,3, SPRINT,0.000
3,149, 6.038,0.000,-0.601, 10.000,0.000,0.000, 0,3,3, SPRINT,0.000
3,150, 5.956,0.000,-0.629, 10.000,0.000,0.000, 0,3,3, SPRINT,0.000
3,151, 5.883,0.000,-0.644, 10.000,0.000,0.000, 0,3,3, SPRINT,0.000
3,152, 5.798,0.000,-0.670, 10.000,0.000,0.000, 0,3,3, SPRINT,0.000
3,153, 5.724,0.000,-0.684, 10.000,0.000,0.000, 0,3,3, SPRINT,0.000
3,154, 5.639,0.000,-0.709, 10.000,0.000,0.000, 0,3,3, SPRINT,0.000
3,155, 5.564,0.000,-0.723, 10.000,0.000,0.000, 0,3,3, SPRINT,0.000
3,156, 5.479,0.000,-0.749, 10.000,0.000,0.000, 0,3,3, SPRINT,0.000
3,157, 5.404,0.000,-0.763, 10.000,0.000,0.000, 0,3,3, SPRINT,0.000
3,158, 5.318,0.000,-0.788, 10.000,0.000,0.000, 0,3,3, SPRINT,0.000
3,159, 5.244,0.000,-0.802, 10.000,0.000,0.000, 0,3,3, SPRINT,0.000
3,160, 5.158,0.000,-0.827, 10.000,0.000,0.000, 0,3,3, SPRINT,0.000
3,161, 5.084,0.000,-0.841, 10.000,0.000,0.000, 0,3,3, SPRINT,0.000
3,162, 4.998,0.000,-0.867, 10.000,0.000,0.000, 1,3,11, SPRINT,0.000
3,163, 4.968,0.000,-0.926, 10.000,0.000,0.000, 1,1,9, TURN_RIGHT_90,0.150
3,164, 4.997,0.000,-0.978, 10.000,0.000,0.000, 1,0,8, TURN_RIGHT_45,0.150
3,165, 5.058,0.000,-0.988, 10.000,0.000,0.000, 1,7,15, TURN_RIGHT_45,-0.050
3,166, 5.136,0.000,-1.013, 10.000,0.000,0.000, 0,0,0, TURN_LEFT_45,0.450
3,167, 5.198,0.000,-1.047, 10.000,0.000,0.000, 0,0,0, SPRINT,0.000
3,168, 5.277,0.000,-1.084, 10.000,0.000,0.000, 0,0,0, SPRINT,0.000
3,169, 5.339,0.000,-1.060, 10.000,0.000,0.000, 0,6,6, TURN_RIGHT_90,-0.050
3,170, 5.418,0.000,-1.066, 10.000,0.000,0.000, 0,0,0, TURN_LEFT_90,0.150
3,171, 5.480,0.000,-1.089, 10.000,0.000,0.000, 0,0,0, SPRINT,0.000
3,172, 5.559,0.000,-1.121, 10.000,0.000,0.000, 0,0,0, SPRINT,0.000
3,173, 5.647,0.000,-1.158, 10.000,0.000,0.000, 0,0,0, STRAFE_RIGHT,0.000
3,174, 5.739,0.000,-1.197, 10.000,0.000,0.000, 0,0,0, STRAFE_RIGHT,0.000
3,175, 5.771,0.000,-1.263, 10.000,0.000,0.000, 0,2,2, TURN_LEFT_90,-0.050
3,176, 5.768,0.000,-1.319, 10.000,0.000,0.000, 0,2,2, SPRINT,0.000
3,177, 5.747,0.000,-1.394, 10.000,0.000,0.000, 0,2,2, SPRINT,0.000
3,178, 5.717,0.000,-1.455, 10.000,0.000,0.000, 0,2,2, SPRINT,0.000
3,179, 5.680,0.000,-1.532, 10.000,0.000,0.000, 0,2,2, SPRINT,0.000
3,180, 5.641,0.000,-1.594, 10.000,0.000,0.000, 0,2,2, SPRINT,0.000
3,181, 5.600,0.000,-1.672, 10.000,0.000,0.000, 0,2,2, SPRINT,0.000
3,182, 5.533,0.000,-1.733, 10.000,0.000,0.000, 0,3,3, TURN_LEFT_45,-0.050
3,183, 5.468,0.000,-1.766, 10.000,0.000,0.000, 0,3,3, SPRINT,0.000
3,184, 5.388,0.000,-1.802, 10.000,0.000,0.000, 0,3,3, SPRINT,0.000
3,185, 5.316,0.000,-1.822, 10.000,0.000,0.000, 1,3,11, SPRINT,0.000
3,186, 5.277,0.000,-1.860, 10.000,0.000,0.000, 1,1,9, TURN_RIGHT_90,0.150
3,187, 5.256,0.420,-1.908, 10.000,0.000,0.000, 1,1,9, JUMP,-0.020
3,188, 5.256,0.753,-1.972, 10.000,0.000,0.000, 1,1,9, TURN_RIGHT_45,-0.050
3,189, 5.284,1.001,-2.030, 10.000,0.000,0.000, 1,0,8, TURN_RIGHT_45,0.150
3,190, 5.328,1.166,-2.063, 10.000,0.000,0.000, 1,7,15, TURN_RIGHT_45,-0.050
3,191, 5.388,1.249,-2.048, 10.000,0.000,0.000, 1,7,15, SPRINT,0.000
3,192, 5.488,1.252,-2.017, 10.000,0.000,0.000, 0,0,0, TURN_LEFT_45,0.450
3,193, 5.606,1.177,-1.989, 10.000,0.000,0.000, 0,0,0, SPRINT,0.000
3,194, 5.714,1.024,-1.990, 10.000,0.000,0.000, 0,2,2, TURN_LEFT_90,-0.050
3,195, 5.826,0.797,-2.006, 10.000,0.000,0.000, 0,2,2, STRAFE_LEFT,0.000
3,196, 5.959,0.495,-2.051, 10.000,0.000,0.000, 0,2,2, SPRINT,0.000
3,197, 6.094,0.121,-2.106, 10.000,0.000,0.000, 0,2,2, SPRINT,0.000
3,198, 6.248,0.000,-2.188, 10.000,0.000,0.000, 0,2,2, SPRINT,0.000
3,199, 6.346,0.000,-2.246, 10.000,0.000,0.000, 0,2,2, SPRINT,0.000
3,200, 6.432,0.000,-2.310, 10.000,0.000,0.000, 0,2,2, SPRINT,0.000
3,201, 6.492,0.000,-2.358, 10.000,0.000,0.000, 0,2,2, SPRINT,0.000
3,202, 6.556,0.000,-2.416, 10.000,0.000,0.000, 0,2,2, SPRINT,0.000
3,203, 6.605,0.000,-2.462, 10.000,0.000,0.000, 0,2,2, SPRINT,0.000
3,204, 6.632,0.000,-2.514, 10.000,0.000,0.000, 0,2,2, STRAFE_LEFT,0.000
3,205, 6.660,0.000,-2.556, 10.000,0.000,0.000, 0,2,2, STRAFE_LEFT,0.000
3,206, 6.707,0.000,-2.611, 10.000,0.000,0.000, 0,2,2, SPRINT,0.000
3,207, 6.765,0.000,-2.672, 10.000,0.000,0.000, 0,2,2, ATTACK,-0.500
3,208, 6.810,0.000,-2.720, 10.000,0.000,0.000, 0,2,2, SPRINT,0.000
3,209, 6.866,0.000,-2.777, 10.000,0.000,0.000, 0,2,2, SPRINT,0.000
3,210, 6.910,0.000,-2.822, 10.000,0.000,0.000, 0,2,2, SPRINT,0.000
3,211, 6.921,0.000,-2.861, 10.000,0.000,0.000, 0,4,4, TURN_LEFT_90,-0.050
3,212, 6.895,0.000,-2.913, 10.000,0.000,0.000, 0,4,4, SPRINT,0.000
3,213, 6.867,0.000,-2.956, 10.000,0.000,0.000, 0,4,4, SPRINT,0.000
3,214, 6.820,0.000,-3.010, 10.000,0.000,0.000, 0,4,4, SPRINT,0.000
3,215, 6.781,0.000,-3.054, 10.000,0.000,0.000, 0,4,4, SPRINT,0.000
3,216, 6.728,0.000,-3.109, 10.000,0.000,0.000, 0,4,4, SPRINT,0.000
3,217, 6.685,0.000,-3.153, 10.000,0.000,0.000, 0,4,4, SPRINT,0.000
3,218, 6.630,0.000,-3.209, 10.000,0.000,0.000, 0,4,4, SPRINT,0.000
3,219, 6.587,0.000,-3.253, 10.000,0.000,0.000, 0,4,4, SPRINT,0.000
3,220, 6.531,0.000,-3.309, 10.000,0.000,0.000, 0,4,4, SPRINT,0.000
3,221, 6.487,0.000,-3.353, 10.000,0.000,0.000, 0,4,4, SPRINT,0.000
3,222, 6.431,0.000,-3.409, 10.000,0.000,0.000, 0,4,4, SPRINT,0.000
3,223, 6.401,0.000,-3.484, 10.000,0.000,0.000, 1,3,11, TURN_RIGHT_45,0.150
3,224, 6.429,0.000,-3.525, 10.000,0.000,0.000, 1,1,9, TURN_RIGHT_90,0.150
3,225, 6.489,0.000,-3.547, 10.000,0.000,0.000, 0,1,1, ATTACK,-0.200
3,226, 6.541,0.000,-3.559, 10.000,0.000,0.000, 0,1,1, SPRINT,0.000
3,227, 6.615,0.000,-3.566, 10.000,0.000,0.000, 0,1,1, SPRINT,0.000
3,228, 6.674,0.000,-3.570, 10.000,0.000,0.000, 0,1,1, SPRINT,0.000
3,229, 6.726,0.000,-3.552, 10.000,0.000,0.000, 0,1,1, STRAFE_RIGHT,0.000
3,230, 6.774,0.000,-3.543, 10.000,0.000,0.000, 0,1,1, STRAFE_RIGHT,0.000
3,231, 6.844,0.000,-3.538, 10.000,0.000,0.000, 0,1,1, SPRINT,0.000
3,232, 6.902,0.000,-3.535, 10.000,0.000,0.000, 0,1,1, SPRINT,0.000
3,233, 6.979,0.000,-3.533, 10.000,0.000,0.000, 0,1,1, SPRINT,0.000
3,234, 7.040,0.000,-3.532, 10.000,0.000,0.000, 0,1,1, SPRINT,0.000
3,235, 7.118,0.000,-3.532, 10.000,0.000,0.000, 0,1,1, SPRINT,0.000
3,236, 7.180,0.000,-3.532, 10.000,0.000,0.000, 0,1,1, SPRINT,0.000
3,237, 7.259,0.000,-3.532, 10.000,0.000,0.000, 0,1,1, SPRINT,0.000
3,238, 7.321,0.000,-3.531, 10.000,0.000,0.000, 0,1,1, SPRINT,0.000
3,239, 7.369,0.000,-3.545, 10.000,0.000,0.000, 0,2,2, TURN_LEFT_45,-0.050
3,240, 7.426,0.000,-3.584, 10.000,0.000,0.000, 0,2,2, SPRINT,0.000
3,241, 7.472,0.000,-3.619, 10.000,0.000,0.000, 0,2,2, SPRINT,0.000
3,242, 7.528,0.000,-3.670, 10.000,0.000,0.000, 0,2,2, SPRINT,0.000
3,243, 7.603,0.000,-3.698, 10.000,0.000,0.000, 0,1,1, TURN_RIGHT_45,0.150
3,244, 7.676,0.000,-3.681, 10.000,0.000,0.000, 0,0,0, TURN_RIGHT_45,0.150
3,245, 7.730,0.000,-3.659, 10.000,0.000,0.000, 0,0,0, SPRINT,0.000
3,246, 7.791,0.000,-3.615, 10.000,0.000,0.000, 0,0,0, SPRINT,0.000
3,247, 7.855,0.000,-3.559, 10.000,0.000,0.000, 0,0,0, MOVE_FORWARD,0.000
3,248, 7.922,0.000,-3.497, 10.000,0.000,0.000, 0,0,0, MOVE_FORWARD,0.000
3,249, 7.973,0.000,-3.449, 10.000,0.000,0.000, 0,0,0, SPRINT,0.000
3,250, 8.032,0.000,-3.392, 10.000,0.000,0.000, 0,0,0, SPRINT,0.000
3,251, 8.096,0.000,-3.329, 10.000,0.000,0.000, 0,0,0, MOVE_BACK,0.000
3,252, 8.175,0.000,-3.294, 10.000,0.000,0.000, 0,1,1, TURN_LEFT_45,-0.050
3,253, 8.218,0.000,-3.231, 10.000,0.000,0.000, 0,7,7, TURN_RIGHT_90,-0.050
3,254, 8.242,0.000,-3.151, 10.000,0.000,0.000, 0,7,7, MOVE_BACK,0.000
3,255, 8.255,0.000,-3.089, 10.000,0.000,0.000, 0,7,7, SPRINT,0.000
3,256, 8.262,0.000,-3.010, 10.000,0.000,0.000, 0,7,7, SPRINT,0.000
3,257, 8.266,0.000,-2.947, 10.000,0.000,0.000, 0,7,7, SPRINT,0.000
3,258, 8.249,0.000,-2.894, 10.000,0.000,0.000, 0,7,7, STRAFE_RIGHT,0.000
3,259, 8.220,0.000,-2.820, 10.000,0.000,0.000, 0,7,7, SPRINT,0.000
3,260, 8.185,0.000,-2.760, 10.000,0.000,0.000, 0,7,7, SPRINT,0.000
3,261, 8.146,0.000,-2.683, 10.000,0.000,0.000, 0,7,7, SPRINT,0.000
3,262, 8.080,0.000,-2.660, 10.000,0.000,0.000, 0,5,5, TURN_RIGHT_90,-0.050
3,263, 8.025,0.000,-2.667, 10.000,0.000,0.000, 0,5,5, SPRINT,0.000
3,264, 8.014,0.000,-2.690, 10.000,0.000,0.000, 0,3,3, TURN_RIGHT_90,-0.050
3,265, 8.028,0.000,-2.722, 10.000,0.000,0.000, 0,3,3, MOVE_BACK,0.000
3,266, 8.054,0.000,-2.784, 10.000,0.000,0.000, 0,3,3, SPRINT,0.000
3,267, 8.089,0.000,-2.863, 10.000,0.000,0.000, 0,3,3, STRAFE_LEFT,0.000
3,268, 8.127,0.000,-2.925, 10.000,0.000,0.000, 0,3,3, SPRINT,0.000
3,269, 8.167,0.000,-3.004, 10.000,0.000,0.000, 0,3,3, SPRINT,0.000
3,270, 8.144,0.000,-3.067, 10.000,0.000,0.000, 0,5,5, TURN_LEFT_90,-0.050
3,271, 8.112,0.000,-3.120, 10.000,0.000,0.000, 0,5,5, SPRINT,0.000
3,272, 8.050,0.000,-3.169, 10.000,0.000,0.000, 0,5,5, SPRINT,0.000
3,273, 7.997,0.000,-3.215, 10.000,0.000,0.000, 0,5,5, SPRINT,0.000
3,274, 7.923,0.000,-3.259, 10.000,0.000,0.000, 0,5,5, SPRINT,0.000
3,275, 7.863,0.000,-3.303, 10.000,0.000,0.000, 0,5,5, SPRINT,0.000
3,276, 7.786,0.000,-3.346, 10.000,0.000,0.000, 0,5,5, SPRINT,0.000
3,277, 7.724,0.000,-3.389, 10.000,0.000,0.000, 0,5,5, SPRINT,0.000
3,278, 7.671,0.420,-3.432, 10.000,0.000,0.000, 0,5,5, JUMP,-0.020
3,279, 7.578,0.753,-3.491, 10.000,0.000,0.000, 0,5,5, SPRINT,0.000
3,280, 7.474,1.001,-3.564, 10.000,0.000,0.000, 0,5,5, SPRINT,0.000
3,281, 7.360,1.166,-3.649, 10.000,0.000,0.000, 0,5,5, STRAFE_LEFT,0.000
3,282, 7.237,1.249,-3.746, 10.000,0.000,0.000, 0,5,5, ATTACK,-0.500
3,283, 7.080,1.252,-3.854, 10.000,0.000,0.000, 0,5,5, SPRINT,0.000
3,284, 6.918,1.177,-3.972, 10.000,0.000,0.000, 1,5,13, SPRINT,0.000
3,285, 6.743,1.024,-4.079, 10.000,0.000,0.000, 1,6,14, TURN_LEFT_45,0.150
3,286, 6.556,0.797,-4.177, 10.000,0.000,0.000, 1,6,14, ATTACK,-0.500
3,287, 6.366,0.495,-4.246, 10.000,0.000,0.000, 1,7,15, TURN_LEFT_45,0.150
3,288, 6.194,0.121,-4.281, 10.000,0.000,0.000, 1,0,8, TURN_LEFT_45,0.150
3,289, 6.018,0.000,-4.294, 10.000,0.000,0.000, 1,7,15, TURN_RIGHT_45,-0.050
3,290, 5.922,0.000,-4.274, 10.000,0.000,0.000, 1,0,8, TURN_LEFT_45,0.150
3,291, 5.850,0.000,-4.243, 10.000,0.000,0.000, 1,7,15, TURN_RIGHT_45,-0.050
3,292, 5.810,0.000,-4.199, 10.000,0.000,0.000, 1,0,8, TURN_LEFT_45,0.150
3,293, 5.769,0.000,-4.156, 10.000,0.000,0.000, 1,7,15, TURN_RIGHT_45,-0.050
3,294, 5.747,0.000,-4.104, 10.000,0.000,0.000, 1,0,8, TURN_LEFT_45,0.150
3,295, 5.715,0.000,-4.057, 10.000,0.000,0.000, 1,7,15, TURN_RIGHT_45,-0.050
3,296, 5.679,0.000,-4.050, 10.000,0.000,0.000, 1,5,13, TURN_RIGHT_90,-0.050
3,297, 5.631,0.000,-4.047, 10.000,0.000,0.000, 1,6,14, TURN_LEFT_45,0.150
3,298, 5.586,0.000,-4.064, 10.000,0.000,0.000, 1,5,13, TURN_RIGHT_45,-0.050
3,299, 5.534,0.000,-4.074, 10.000,0.000,0.000, 1,6,14, TURN_LEFT_45,0.150
4,0, 0.025,0.000,0.000, 10.000,0.000,0.000, 1,0,8, SPRINT,0.300
4,1, 0.057,0.000,0.018, 10.000,0.000,0.000, 1,7,15, TURN_RIGHT_45,-0.050
4,2, 0.099,0.000,0.028, 10.000,0.000,0.000, 1,0,8, TURN_LEFT_45,0.150
4,3, 0.141,0.000,0.051, 10.000,0.000,0.000, 1,7,15, TURN_RIGHT_45,-0.050
4,4, 0.188,0.000,0.063, 10.000,0.000,0.000, 1,0,8, TURN_LEFT_45,0.150
4,5, 0.240,0.000,0.090, 10.000,0.000,0.000, 1,0,8, STRAFE_RIGHT,0.000
4,6, 0.272,0.000,0.136, 10.000,0.000,0.000, 1,7,15, TURN_RIGHT_45,-0.050
4,7, 0.314,0.000,0.180, 10.000,0.000,0.000, 1,0,8, TURN_LEFT_45,0.150
4,8, 0.342,0.000,0.236, 10.000,0.000,0.000, 1,7,15, TURN_RIGHT_45,-0.050
4,9, 0.382,0.000,0.286, 10.000,0.000,0.000, 1,0,8, TURN_LEFT_45,0.150
4,10, 0.408,0.000,0.345, 10.000,0.000,0.000, 1,7,15, TURN_RIGHT_45,-0.050
4,11, 0.448,0.000,0.397, 10.000,0.000,0.000, 1,0,8, TURN_LEFT_45,0.150
4,12, 0.474,0.000,0.456, 10.000,0.000,0.000, 1,7,15, TURN_RIGHT_45,-0.050
4,13, 0.492,0.000,0.521, 10.000,0.000,0.000, 1,7,15, STRAFE_LEFT,0.000
4,14, 0.527,0.000,0.575, 10.000,0.000,0.000, 1,0,8, TURN_LEFT_45,0.150
4,15, 0.550,0.000,0.636, 10.000,0.000,0.000, 1,7,15, TURN_RIGHT_45,-0.050
4,16, 0.588,0.000,0.689, 10.000,0.000,0.000, 1,0,8, TURN_LEFT_45,0.150
4,17, 0.613,0.000,0.750, 10.000,0.000,0.000, 1,7,15, TURN_RIGHT_45,-0.050
4,18, 0.652,0.000,0.802, 10.000,0.000,0.000, 1,0,8, TURN_LEFT_45,0.150
4,19, 0.677,0.000,0.863, 10.000,0.000,0.000, 1,7,15, TURN_RIGHT_45,-0.050
4,20, 0.716,0.000,0.915, 10.000,0.000,0.000, 1,0,8, TURN_LEFT_45,0.150
4,21, 0.742,0.000,0.975, 10.000,0.000,0.000, 1,7,15, TURN_RIGHT_45,-0.050
4,22, 0.781,0.000,1.027, 10.000,0.000,0.000, 1,0,8, TURN_LEFT_45,0.150
4,23, 0.806,0.000,1.088, 10.000,0.000,0.000, 1,7,15, TURN_RIGHT_45,-0.050
4,24, 0.824,0.000,1.152, 10.000,0.000,0.000, 1,7,15, STRAFE_LEFT,0.000
4,25, 0.866,0.000,1.183, 10.000,0.000,0.000, 1,1,9, TURN_LEFT_90,-0.050
4,26, 0.908,0.000,1.175, 10.000,0.000,0.000, 1,2,10, TURN_LEFT_45,-0.050
4,27, 0.956,0.000,1.190, 10.000,0.000,0.000, 1,0,8, TURN_RIGHT_90,0.150
4,28, 0.987,0.000,1.229, 10.000,0.000,0.000, 1,7,15, TURN_RIGHT_45,-0.050
4,29, 1.029,0.000,1.271, 10.000,0.000,0.000, 1,0,8, TURN_LEFT_45,0.150
4,30, 1.056,0.000,1.325, 10.000,0.000,0.000, 1,7,15, TURN_RIGHT_45,-0.050
4,31, 1.096,0.000,1.374, 10.000,0.000,0.000, 1,0,8, TURN_LEFT_45,0.150
4,32, 1.122,0.000,1.432, 10.000,0.000,0.000, 1,7,15, TURN_RIGHT_45,-0.050
4,33, 1.161,0.000,1.483, 10.000,0.000,0.000, 1,0,8, TURN_LEFT_45,0.150
4,34, 1.187,0.000,1.543, 10.000,0.000,0.000, 1,7,15, TURN_RIGHT_45,-0.050
4,35, 1.226,0.000,1.595, 10.000,0.000,0.000, 1,0,8, TURN_LEFT_45,0.150
4,36, 1.251,0.000,1.655, 10.000,0.000,0.000, 1,7,15, TURN_RIGHT_45,-0.050
4,37, 1.270,0.000,1.719, 10.000,0.000,0.000, 1,7,15, MOVE_BACK,0.000
4,38, 1.283,0.000,1.786, 10.000,0.000,0.000, 1,7,15, ATTACK,-0.500
4,39, 1.316,0.000,1.842, 10.000,0.000,0.000, 1,0,8, TURN_LEFT_45,0.150
4,40, 1.338,0.000,1.904, 10.000,0.000,0.000, 1,7,15, TURN_RIGHT_45,-0.050
4,41, 1.376,0.000,1.957, 10.000,0.000,0.000, 1,0,8, TURN_LEFT_45,0.150
4,42, 1.400,0.000,2.018, 10.000,0.000,0.000, 1,7,15, TURN_RIGHT_45,-0.050
4,43, 1.439,0.000,2.070, 10.000,0.000,0.000, 1,0,8, TURN_LEFT_45,0.150
4,44, 1.464,0.000,2.131, 10.000,0.000,0.000, 1,7,15, TURN_RIGHT_45,-0.050
4,45, 1.503,0.000,2.183, 10.000,0.000,0.000, 1,0,8, TURN_LEFT_45,0.150
4,46, 1.505,0.000,2.237, 10.000,0.000,0.000, 1,6,14, TURN_RIGHT_90,-0.050
4,47, 1.510,0.000,2.298, 10.000,0.000,0.000, 1,7,15, TURN_LEFT_45,0.150
4,48, 1.538,0.000,2.351, 10.000,0.000,0.000, 1,0,8, TURN_LEFT_45,0.150
4,49, 1.558,0.000,2.411, 10.000,0.000,0.000, 1,7,15, TURN_RIGHT_45,-0.050
4,50, 1.594,0.000,2.463, 10.000,0.000,0.000, 1,0,8, TURN_LEFT_45,0.150
4,51, 1.617,0.000,2.524, 10.000,0.000,0.000, 1,7,15, TURN_RIGHT_45,-0.050
4,52, 1.634,0.420,2.588, 10.000,0.000,0.000, 1,7,15, JUMP,-0.020
4,53, 1.675,0.753,2.666, 10.000,0.000,0.000, 1,0,8, TURN_LEFT_45,0.150
4,54, 1.716,1.001,2.769, 10.000,0.000,0.000, 1,7,15, TURN_RIGHT_45,-0.050
4,55, 1.779,1.166,2.882, 10.000,0.000,0.000, 1,0,8, TURN_LEFT_45,0.150
4,56, 1.840,1.249,3.016, 10.000,0.000,0.000, 1,7,15, TURN_RIGHT_45,-0.050
4,57, 1.914,1.252,3.156, 10.000,0.000,0.000, 1,7,15, STRAFE_RIGHT,0.000
4,58, 2.006,1.177,3.284, 10.000,0.000,0.000, 1,0,8, TURN_LEFT_45,0.150
4,59, 2.108,1.024,3.417, 10.000,0.000,0.000, 1,6,14, TURN_RIGHT_45,-0.050
4,60, 2.226,0.797,3.539, 10.000,0.000,0.000, 1,7,15, TURN_LEFT_45,0.150
4,61, 2.351,0.495,3.632, 10.000,0.000,0.000, 1,0,8, TURN_LEFT_45,0.150
4,62, 2.490,0.121,3.717, 10.000,0.000,0.000, 1,7,15, TURN_RIGHT_45,-0.050
4,63, 2.635,0.000,3.776, 10.000,0.000,0.000, 1,0,8, TURN_LEFT_45,0.150
4,64, 2.739,0.000,3.808, 10.000,0.000,0.000, 1,7,15, TURN_RIGHT_45,-0.050
4,65, 2.814,0.000,3.844, 10.000,0.000,0.000, 1,6,14, TURN_RIGHT_45,-0.050
4,66, 2.880,0.000,3.863, 10.000,0.000,0.000, 1,7,15, TURN_LEFT_45,0.150
4,67, 2.934,0.000,3.856, 10.000,0.000,0.000, 1,0,8, TURN_LEFT_45,0.150
4,68, 2.988,0.000,3.852, 10.000,0.000,0.000, 1,7,15, TURN_RIGHT_45,-0.050
4,69, 3.036,0.000,3.832, 10.000,0.000,0.000, 1,0,8, TURN_LEFT_45,0.150
4,70, 3.080,0.000,3.803, 10.000,0.000,0.000, 1,0,8, MOVE_BACK,0.000
4,71, 3.122,0.420,3.770, 10.000,0.000,0.000, 1,0,8, JUMP,-0.020
4,72, 3.185,0.753,3.739, 10.000,0.000,0.000, 1,7,15, TURN_RIGHT_45,-0.050
4,73, 3.261,1.001,3.693, 10.000,0.000,0.000, 1,0,8, TURN_LEFT_45,0.150
4,74, 3.355,1.166,3.652, 10.000,0.000,0.000, 1,7,15, TURN_RIGHT_45,-0.050
4,75, 3.458,1.249,3.596, 10.000,0.000,0.000, 1,0,8, TURN_LEFT_45,0.150
4,76, 3.577,1.252,3.545, 10.000,0.000,0.000, 1,7,15, TURN_RIGHT_45,-0.050
4,77, 3.704,1.177,3.481, 10.000,0.000,0.000, 1,0,8, TURN_LEFT_45,0.150
4,78, 3.844,1.024,3.423, 10.000,0.000,0.000, 1,7,15, TURN_RIGHT_45,-0.050
4,79, 3.990,0.797,3.352, 10.000,0.000,0.000, 1,0,8, TURN_LEFT_45,0.150
4,80, 4.147,0.495,3.288, 10.000,0.000,0.000, 1,7,15, TURN_RIGHT_45,-0.050
4,81, 4.309,0.121,3.211, 10.000,0.000,0.000, 1,0,8, TURN_LEFT_45,0.150
4,82, 4.481,0.000,3.142, 10.000,0.000,0.000, 1,7,15, TURN_RIGHT_45,-0.050
4,83, 4.593,0.000,3.086, 10.000,0.000,0.000, 1,0,8, TURN_LEFT_45,0.150
4,84, 4.654,0.000,3.055, 10.000,0.000,0.000, 1,0,8, SPRINT,0.000
4,85, 4.701,0.000,3.025, 10.000,0.000,0.000, 1,0,8, MOVE_FORWARD,0.000
4,86, 4.746,0.000,3.008, 10.000,0.000,0.000, 1,7,15, TURN_RIGHT_45,-0.050
4,87, 4.784,0.000,2.986, 10.000,0.000,0.000, 1,0,8, TURN_LEFT_45,0.150
4,88, 4.825,0.000,2.973, 10.000,0.000,0.000, 1,7,15, TURN_RIGHT_45,-0.050
4,89, 4.860,0.000,2.953, 10.000,0.000,0.000, 1,0,8, TURN_LEFT_45,0.150
4,90, 4.894,0.000,2.955, 10.000,0.000,0.000, 1,6,14, TURN_RIGHT_90,-0.050
4,91, 4.931,0.000,2.956, 10.000,0.000,0.000, 1,7,15, TURN_LEFT_45,0.150
4,92, 4.966,0.000,2.943, 10.000,0.000,0.000, 1,0,8, TURN_LEFT_45,0.150
4,93, 5.004,0.000,2.936, 10.000,0.000,0.000, 1,7,15, TURN_RIGHT_45,-0.050
4,94, 5.038,0.000,2.919, 10.000,0.000,0.000, 1,0,8, TURN_LEFT_45,0.150
4,95, 5.077,0.000,2.909, 10.000,0.000,0.000, 1,7,15, TURN_RIGHT_45,-0.050
4,96, 5.111,0.000,2.890, 10.000,0.000,0.000, 1,0,8, TURN_LEFT_45,0.150
4,97, 5.150,0.000,2.880, 10.000,0.000,0.000, 1,7,15, TURN_RIGHT_45,-0.050
4,98, 5.184,0.000,2.860, 10.000,0.000,0.000, 1,0,8, TURN_LEFT_45,0.150
4,99, 5.223,0.000,2.850, 10.000,0.000,0.000, 1,7,15, TURN_RIGHT_45,-0.050
4,100, 5.257,0.000,2.830, 10.000,0.000,0.000, 1,0,8, TURN_LEFT_45,0.150
4,101, 5.296,0.000,2.820, 10.000,0.000,0.000, 1,7,15, TURN_RIGHT_45,-0.050
4,102, 5.336,0.000,2.814, 10.000,0.000,0.000, 1,7,15, ATTACK,-0.500
4,103, 5.372,0.000,2.797, 10.000,0.000,0.000, 1,0,8, TURN_LEFT_45,0.150
4,104, 5.411,0.000,2.788, 10.000,0.000,0.000, 1,7,15, TURN_RIGHT_45,-0.050
4,105, 5.446,0.000,2.769, 10.000,0.000,0.000, 1,0,8, TURN_LEFT_45,0.150
4,106, 5.484,0.000,2.759, 10.000,0.000,0.000, 1,7,15, TURN_RIGHT_45,-0.050
4,107, 5.519,0.000,2.739, 10.000,0.000,0.000, 1,0,8, TURN_LEFT_45,0.150
4,108, 5.558,0.000,2.729, 10.000,0.000,0.000, 1,7,15, TURN_RIGHT_45,-0.050
4,109, 5.579,0.000,2.723, 10.000,0.000,0.000, 1,7,15, MOVE_FORWARD,0.000
4,110, 5.590,0.000,2.720, 10.000,0.000,0.000, 1,0,8, TURN_LEFT_45,0.150
4,111, 5.596,0.000,2.718, 10.000,0.000,0.000, 1,7,15, TURN_RIGHT_45,-0.050
4,112, 5.619,0.000,2.717, 10.000,0.000,0.000, 1,7,15, MOVE_FORWARD,0.000
4,113, 5.645,0.000,2.703, 10.000,0.000,0.000, 1,0,8, TURN_LEFT_45,0.150
4,114, 5.679,0.000,2.695, 10.000,0.000,0.000, 1,7,15, TURN_RIGHT_45,-0.050
4,115, 5.711,0.000,2.677, 10.000,0.000,0.000, 1,0,8, TURN_LEFT_45,0.150
4,116, 5.748,0.000,2.667, 10.000,0.000,0.000, 1,7,15, TURN_RIGHT_45,-0.050
4,117, 5.782,0.000,2.648, 10.000,0.000,0.000, 0,0,0, TURN_LEFT_45,0.450
4,118, 5.832,0.000,2.606, 10.000,0.000,0.000, 0,0,0, SPRINT,0.000
4,119, 5.873,0.000,2.569, 10.000,0.000,0.000, 0,0,0, SPRINT,0.000
4,120, 5.928,0.000,2.518, 10.000,0.000,0.000, 0,0,0, SPRINT,0.000
4,121, 5.971,0.000,2.476, 10.000,0.000,0.000, 0,0,0, SPRINT,0.000
4,122, 6.026,0.000,2.421, 10.000,0.000,0.000, 0,0,0, SPRINT,0.000
4,123, 6.070,0.000,2.378, 10.000,0.000,0.000, 0,0,0, SPRINT,0.000
4,124, 6.125,0.000,2.323, 10.000,0.000,0.000, 0,0,0, SPRINT,0.000
4,125, 6.170,0.000,2.279, 10.000,0.000,0.000, 0,0,0, SPRINT,0.000
4,126, 6.225,0.000,2.223, 10.000,0.000,0.000, 0,0,0, SPRINT,0.000
4,127, 6.269,0.000,2.179, 10.000,0.000,0.000, 0,0,0, SPRINT,0.000
4,128, 6.307,0.000,2.141, 10.000,0.000,0.000, 0,0,0, ATTACK,1.500
4,129, 6.342,0.000,2.107, 10.000,0.000,0.000, 0,0,0, ATTACK,1.500
4,130, 6.374,0.000,2.074, 10.000,0.000,0.000, 0,0,0, ATTACK,1.500
4,131, 6.406,0.000,2.043, 10.000,0.000,0.000, 0,0,0, ATTACK,1.500
4,132, 6.442,0.000,2.026, 10.000,0.000,0.000, 0,7,7, TURN_RIGHT_45,-0.050
4,133, 6.507,0.000,2.016, 10.000,0.000,0.000, 0,7,7, SPRINT,0.000
4,134, 6.562,0.000,2.011, 10.000,0.000,0.000, 0,7,7, SPRINT,0.000
4,135, 6.636,0.000,2.008, 10.000,0.000,0.000, 0,7,7, SPRINT,0.000
4,136, 6.696,0.000,2.007, 10.000,0.000,0.000, 0,7,7, SPRINT,0.000
4,137, 6.774,0.000,2.006, 10.000,0.000,0.000, 0,7,7, SPRINT,0.000
4,138, 6.836,0.000,2.005, 10.000,0.000,0.000, 0,7,7, SPRINT,0.000
4,139, 6.914,0.000,2.005, 10.000,0.000,0.000, 0,7,7, SPRINT,0.000
4,140, 6.976,0.000,2.005, 10.000,0.000,0.000, 0,7,7, SPRINT,0.000
4,141, 7.055,0.000,2.005, 10.000,0.000,0.000, 0,7,7, SPRINT,0.000
4,142, 7.117,0.000,2.005, 10.000,0.000,0.000, 0,7,7, SPRINT,0.000
4,143, 7.196,0.000,2.005, 10.000,0.000,0.000, 0,7,7, SPRINT,0.000
4,144, 7.259,0.000,2.005, 10.000,0.000,0.000, 0,7,7, SPRINT,0.000
4,145, 7.312,0.000,2.005, 10.000,0.000,0.000, 0,7,7, MOVE_BACK,0.000
4,146, 7.361,0.000,2.005, 10.000,0.000,0.000, 0,7,7, ATTACK,1.500
4,147, 7.401,0.000,1.991, 10.000,0.000,0.000, 0,0,0, TURN_LEFT_45,0.150
4,148, 7.437,0.000,1.970, 10.000,0.000,0.000, 0,0,0, ATTACK,1.500
4,149, 7.470,0.000,1.945, 10.000,0.000,0.000, 0,0,0, ATTACK,1.500
4,150, 7.502,0.000,1.917, 10.000,0.000,0.000, 0,0,0, ATTACK,1.500
4,151, 7.539,0.000,1.902, 10.000,0.000,0.000, 0,7,7, TURN_RIGHT_45,-0.050
4,152, 7.573,0.000,1.907, 10.000,0.000,0.000, 0,6,6, TURN_RIGHT_45,-0.050
4,153, 7.605,0.000,1.897, 10.000,0.000,0.000, 0,0,0, TURN_LEFT_90,0.150
4,154, 7.650,0.000,1.891, 10.000,0.000,0.000, 0,0,0, STRAFE_RIGHT,0.000
4,155, 7.702,0.000,1.888, 10.000,0.000,0.000, 0,0,0, ATTACK,1.500
4,156, 7.449,0.400,2.140, 10.000,0.000,0.000, 0,0,0, ATTACK,1.500
4,157, 7.246,0.792,2.369, 10.000,0.000,0.000, 0,0,0, ATTACK,2.200
4,158, 7.089,1.098,2.578, 10.000,0.000,0.000, 0,0,0, ATTACK,2.200
4,159, 6.973,1.319,2.768, 10.000,0.000,0.000, 0,0,0, ATTACK,2.200
4,160, 6.887,1.457,2.922, 10.000,0.000,0.000, 0,1,1, TURN_LEFT_45,-0.050
4,161, 6.837,1.515,3.061, 10.000,0.000,0.000, 0,0,0, TURN_RIGHT_45,0.150
4,162, 6.818,1.492,3.188, 10.000,0.000,0.000, 0,0,0, ATTACK,2.200
4,163, 6.829,1.392,3.304, 10.000,0.000,0.000, 0,0,0, ATTACK,2.200
4,164, 6.866,1.215,3.409, 10.000,0.000,0.000, 0,0,0, ATTACK,2.200
4,165, 6.928,0.964,3.505, 10.000,0.000,0.000, 0,0,0, JUMP,-0.020
4,166, 7.011,0.639,3.592, 10.000,0.000,0.000, 0,0,0, ATTACK,2.200
4,167, 7.114,0.242,3.671, 10.000,0.000,0.000, 0,0,0, ATTACK,2.200
4,168, 7.235,0.000,3.744, 10.000,0.000,0.000, 0,0,0, ATTACK,1.500
4,169, 7.321,0.000,3.802, 10.000,0.000,0.000, 0,7,7, TURN_RIGHT_45,-0.050
4,170, 7.387,0.000,3.854, 10.000,0.000,0.000, 0,7,7, ATTACK,1.500
4,171, 7.443,0.000,3.902, 10.000,0.000,0.000, 0,7,7, ATTACK,1.500
4,172, 7.493,0.000,3.947, 10.000,0.000,0.000, 0,7,7, ATTACK,1.500
4,173, 7.539,0.000,3.991, 10.000,0.000,0.000, 0,7,7, ATTACK,1.500
4,174, 7.584,0.000,4.035, 10.000,0.000,0.000, 0,7,7, ATTACK,1.500
4,175, 7.628,0.000,4.078, 10.000,0.000,0.000, 0,7,7, ATTACK,1.500
4,176, 7.672,0.000,4.121, 10.000,0.000,0.000, 0,7,7, ATTACK,1.500
4,177, 7.715,0.000,4.164, 10.000,0.000,0.000, 0,7,7, ATTACK,1.500
4,178, 7.758,0.000,4.207, 10.000,0.000,0.000, 0,7,7, ATTACK,1.500
4,179, 7.801,0.000,4.250, 10.000,0.000,0.000, 0,7,7, ATTACK,1.500
4,180, 7.844,0.000,4.293, 10.000,0.000,0.000, 0,7,7, ATTACK,1.500
4,181, 7.886,0.000,4.335, 10.000,0.000,0.000, 0,7,7, ATTACK,1.500
4,182, 7.929,0.000,4.378, 10.000,0.000,0.000, 0,7,7, ATTACK,1.500
4,183, 7.972,0.420,4.421, 10.000,0.000,0.000, 0,7,7, JUMP,-0.020
4,184, 8.030,0.753,4.479, 10.000,0.000,0.000, 0,7,7, ATTACK,2.200
4,185, 8.103,1.001,4.552, 10.000,0.000,0.000, 0,7,7, ATTACK,2.200
4,186, 8.188,1.166,4.637, 10.000,0.000,0.000, 0,6,6, ATTACK,2.200
4,187, 8.286,1.249,4.696, 10.000,0.000,0.000, 0,0,0, TURN_LEFT_90,0.150
4,188, 8.374,1.252,4.721, 10.000,0.000,0.000, 0,1,1, TURN_LEFT_45,-0.050
4,189, 8.474,1.177,4.725, 10.000,0.000,0.000, 0,0,0, TURN_RIGHT_45,0.150
4,190, 8.584,1.024,4.709, 10.000,0.000,0.000, 0,0,0, ATTACK,2.200
4,191, 8.704,0.797,4.675, 10.000,0.000,0.000, 0,0,0, ATTACK,2.200
4,192, 8.833,0.495,4.625, 10.000,0.000,0.000, 0,0,0, ATTACK,2.200
4,193, 8.969,0.121,4.560, 10.000,0.000,0.000, 0,0,0, ATTACK,2.200
4,194, 9.113,0.000,4.520, 10.000,0.000,0.000, 0,6,6, TURN_RIGHT_90,-0.050
4,195, 9.210,0.000,4.479, 10.000,0.000,0.000, 0,0,0, TURN_LEFT_90,0.150
4,196, 9.283,0.000,4.437, 10.000,0.000,0.000, 0,0,0, MOVE_BACK,0.000
4,197, 9.342,0.000,4.369, 10.000,0.000,0.000, 0,0,0, SPRINT,0.000
4,198, 9.394,0.000,4.288, 10.000,0.000,0.000, 0,0,0, ATTACK,1.500
4,199, 9.442,0.000,4.198, 10.000,0.000,0.000, 0,0,0, ATTACK,1.500
4,200, 9.487,0.000,4.105, 10.000,0.000,0.000, 0,0,0, ATTACK,1.500
4,201, 9.532,0.000,4.009, 10.000,0.000,0.000, 0,0,0, ATTACK,1.500
4,202, 9.575,0.000,3.912, 10.000,0.000,0.000, 0,0,0, ATTACK,1.500
4,203, 9.618,0.000,3.815, 10.000,0.000,0.000, 0,0,0, ATTACK,1.500
4,204, 9.687,0.000,3.781, 10.000,0.000,0.000, 0,6,6, TURN_RIGHT_90,-0.050
4,205, 9.743,0.000,3.718, 10.000,0.000,0.000, 0,0,0, TURN_LEFT_90,0.150
4,206, 9.820,0.000,3.665, 10.000,0.000,0.000, 0,7,7, TURN_RIGHT_45,-0.050
4,207, 9.907,0.000,3.619, 10.000,0.000,0.000, 0,7,7, MOVE_BACK,0.000
4,208, 9.974,0.000,3.549, 10.000,0.000,0.000, 0,0,0, TURN_LEFT_45,0.150
4,209, 10.030,0.000,3.466, 10.000,0.000,0.000, 0,0,0, ATTACK,1.500
4,210, 10.080,0.000,3.401, 10.000,0.000,0.000, 0,0,0, SPRINT,0.000
4,211, 10.126,0.000,3.346, 10.000,0.000,0.000, 0,0,0, ATTACK,1.500
4,212, 10.171,0.000,3.297, 10.000,0.000,0.000, 0,0,0, ATTACK,1.500
4,213, 10.215,0.000,3.251, 10.000,0.000,0.000, 0,0,0, ATTACK,1.500
4,214, 10.259,0.000,3.225, 10.000,0.000,0.000, 0,0,0, MOVE_FORWARD,0.000
4,215, 10.302,0.000,3.212, 10.000,0.000,0.000, 0,0,0, ATTACK,1.500
4,216, 10.345,0.000,3.204, 10.000,0.000,0.000, 0,0,0, ATTACK,1.500
4,217, 10.388,0.000,3.181, 10.000,0.000,0.000, 0,0,0, MOVE_FORWARD,0.000
4,218, 10.431,0.420,3.148, 10.000,0.000,0.000, 0,0,0, JUMP,-0.020
4,219, 10.489,0.753,3.099, 10.000,0.000,0.000, 0,0,0, STRAFE_LEFT,0.000
4,220, 10.562,1.001,3.036, 10.000,0.000,0.000, 0,0,0, ATTACK,2.200
4,221, 10.647,1.166,2.958, 10.000,0.000,0.000, 0,0,0, ATTACK,2.200
4,222, 10.744,1.249,2.868, 10.000,0.000,0.000, 0,0,0, ATTACK,2.200
4,223, 10.852,1.252,2.767, 10.000,0.000,0.000, 0,0,0, ATTACK,2.200
4,224, 10.978,1.177,2.675, 10.000,0.000,0.000, 0,7,7, TURN_RIGHT_45,-0.050
4,225, 11.120,1.024,2.591, 9.863,0.400,-0.376, 0,6,6, ATTACK,3.200
4,226, 11.249,0.797,2.487, 9.738,0.792,-0.718, 0,0,0, TURN_LEFT_90,0.150
4,227, 11.366,0.495,2.365, 9.624,1.098,-1.029, 0,0,0, ATTACK,2.200
4,228, 11.473,0.121,2.226, 9.520,1.319,-1.312, 0,0,0, ATTACK,2.200
4,229, 11.570,0.000,2.073, 9.426,1.457,-1.569, 0,0,0, ATTACK,1.500
4,230, 11.624,0.000,1.962, 9.340,1.515,-1.804, 0,0,0, ATTACK,1.500
4,231, 11.653,0.000,1.873, 9.262,1.492,-2.017, 0,0,0, ATTACK,1.500
4,232, 11.668,0.000,1.798, 9.192,1.392,-2.211, 0,0,0, ATTACK,1.500
4,233, 11.677,0.000,1.729, 9.127,1.215,-2.388, 0,0,0, ATTACK,1.500
4,234, 11.682,0.000,1.664, 9.068,0.964,-2.549, 0,0,0, ATTACK,1.500
4,235, 11.657,0.000,1.628, 9.015,0.639,-2.695, 1,2,10, TURN_LEFT_90,-0.050
4,236, 11.643,0.000,1.582, 8.966,0.242,-2.828, 1,0,8, TURN_RIGHT_90,0.150
4,237, 11.655,0.000,1.537, 8.922,0.000,-2.949, 1,7,15, TURN_RIGHT_45,-0.050
4,238, 11.662,0.000,1.484, 8.897,0.000,-3.015, 1,0,8, TURN_LEFT_45,0.150
4,239, 11.685,0.000,1.437, 8.884,0.000,-3.052, 1,7,15, TURN_RIGHT_45,-0.050
4,240, 11.697,0.000,1.383, 8.877,0.000,-3.071, 1,0,8, TURN_LEFT_45,0.150
4,241, 11.724,0.000,1.334, 8.873,0.000,-3.082, 1,7,15, TURN_RIGHT_45,-0.050
4,242, 11.757,0.000,1.288, 8.871,0.000,-3.088, 1,7,15, STRAFE_LEFT,0.000
4,243, 11.776,0.000,1.236, 8.870,0.000,-3.091, 1,0,8, TURN_LEFT_45,0.150
4,244, 11.805,0.000,1.188, 8.869,0.000,-3.093, 1,7,15, TURN_RIGHT_45,-0.050
4,245, 11.841,0.000,1.181, 8.869,0.000,-3.094, 1,5,13, TURN_RIGHT_90,-0.050
4,246, 11.888,0.000,1.177, 8.869,0.000,-3.094, 1,6,14, TURN_LEFT_45,0.150
4,247, 11.933,0.000,1.155, 8.869,0.000,-3.095, 1,7,15, TURN_LEFT_45,0.150
4,248, 11.957,0.000,1.116, 8.868,0.000,-3.095, 1,0,8, TURN_LEFT_45,0.150
4,249, 11.990,0.000,1.075, 8.868,0.000,-3.095, 1,7,15, TURN_RIGHT_45,-0.050
4,250, 12.028,0.000,1.008, 8.868,0.000,-3.095, 1,7,15, SPRINT,0.000
4,251, 12.030,0.000,0.926, 8.868,0.000,-3.095, 1,0,8, TURN_LEFT_45,0.150
4,252, 12.051,0.000,0.837, 8.868,0.000,-3.095, 1,7,15, TURN_RIGHT_45,-0.050
4,253, 12.044,0.000,0.743, 8.868,0.000,-3.095, 0,0,0, TURN_LEFT_45,0.450
4,254, 12.023,0.000,0.646, 8.868,0.000,-3.095, 0,0,0, ATTACK,1.500
4,255, 11.994,0.000,0.548, 8.868,0.000,-3.095, 0,0,0, ATTACK,1.500
4,256, 11.960,0.000,0.449, 8.868,0.000,-3.095, 0,0,0, ATTACK,1.500
4,257, 11.923,0.000,0.350, 8.868,0.000,-3.095, 0,0,0, ATTACK,1.500
4,258, 11.885,0.000,0.250, 8.868,0.000,-3.095, 0,0,0, ATTACK,1.500
4,259, 11.847,0.000,0.150, 8.868,0.000,-3.095, 0,0,0, ATTACK,1.500
4,260, 11.808,0.000,0.051, 8.868,0.000,-3.095, 0,0,0, ATTACK,1.500
4,261, 11.769,0.000,-0.049, 8.868,0.000,-3.095, 0,0,0, ATTACK,1.500
4,262, 11.748,0.000,-0.131, 8.868,0.000,-3.095, 0,0,0, SPRINT,0.000
4,263, 11.736,0.000,-0.203, 8.868,0.000,-3.095, 0,0,0, ATTACK,1.500
4,264, 11.730,0.000,-0.270, 8.868,0.000,-3.095, 0,0,0, STRAFE_LEFT,0.000
4,265, 11.707,0.000,-0.326, 8.868,0.000,-3.095, 0,1,1, TURN_LEFT_45,-0.050
4,266, 11.694,0.000,-0.384, 8.868,0.000,-3.095, 0,0,0, TURN_RIGHT_45,0.150
4,267, 11.687,0.000,-0.444, 8.868,0.000,-3.095, 0,0,0, ATTACK,1.500
4,268, 11.684,0.000,-0.503, 8.868,0.000,-3.095, 0,0,0, ATTACK,1.500
4,269, 11.682,0.000,-0.563, 8.868,0.000,-3.095, 0,0,0, ATTACK,1.500
4,270, 11.680,0.000,-0.624, 8.868,0.000,-3.095, 0,0,0, ATTACK,1.500
4,271, 11.680,0.000,-0.684, 8.868,0.000,-3.095, 0,0,0, ATTACK,1.500
4,272, 11.680,0.000,-0.745, 8.868,0.000,-3.095, 0,0,0, ATTACK,1.500
4,273, 11.679,0.000,-0.805, 8.868,0.000,-3.095, 0,0,0, ATTACK,1.500
4,274, 11.679,0.000,-0.866, 8.868,0.000,-3.095, 0,0,0, ATTACK,1.500
4,275, 11.679,0.000,-0.926, 8.868,0.000,-3.095, 0,0,0, ATTACK,1.500
4,276, 11.679,0.000,-0.987, 8.868,0.000,-3.095, 0,0,0, ATTACK,1.500
4,277, 11.679,0.000,-1.047, 8.868,0.000,-3.095, 0,0,0, ATTACK,1.500
4,278, 11.679,0.000,-1.108, 8.868,0.000,-3.095, 0,0,0, ATTACK,1.500
4,279, 11.679,0.000,-1.168, 8.868,0.000,-3.095, 0,0,0, ATTACK,1.500
4,280, 11.679,0.000,-1.229, 8.868,0.000,-3.095, 0,0,0, ATTACK,1.500
4,281, 11.679,0.000,-1.289, 8.868,0.000,-3.095, 0,0,0, ATTACK,1.500
4,282, 11.679,0.000,-1.350, 8.868,0.000,-3.095, 0,0,0, ATTACK,1.500
4,283, 11.665,0.000,-1.397, 8.868,0.000,-3.095, 0,0,0, STRAFE_RIGHT,0.000
4,284, 11.644,0.000,-1.436, 8.868,0.000,-3.095, 0,0,0, ATTACK,1.500
4,285, 11.633,0.000,-1.457, 8.868,0.000,-3.095, 0,0,0, MOVE_FORWARD,0.000
4,286, 11.626,0.000,-1.469, 8.868,0.000,-3.095, 0,0,0, ATTACK,1.500
4,287, 11.623,0.000,-1.475, 8.868,0.000,-3.095, 0,0,0, ATTACK,1.500
4,288, 11.621,0.000,-1.479, 8.868,0.000,-3.095, 0,0,0, ATTACK,1.500
4,289, 11.606,0.000,-1.467, 8.868,0.000,-3.095, 0,0,0, STRAFE_LEFT,0.000
4,290, 11.584,0.000,-1.447, 8.868,0.000,-3.095, 0,0,0, ATTACK,1.500
4,291, 11.559,0.000,-1.422, 8.868,0.000,-3.095, 0,0,0, ATTACK,1.500
4,292, 11.531,0.000,-1.395, 8.868,0.000,-3.095, 0,0,0, ATTACK,1.500
4,293, 11.502,0.000,-1.366, 8.868,0.000,-3.095, 0,0,0, ATTACK,1.500
4,294, 11.473,0.000,-1.337, 8.868,0.000,-3.095, 0,0,0, ATTACK,1.500
4,295, 11.437,0.000,-1.321, 8.868,0.000,-3.095, 0,7,7, TURN_RIGHT_45,-0.050
4,296, 11.398,0.000,-1.312, 8.868,0.000,-3.095, 0,7,7, ATTACK,1.500
4,297, 11.358,0.000,-1.307, 8.868,0.000,-3.095, 0,7,7, ATTACK,1.500
4,298, 11.316,0.000,-1.305, 8.868,0.000,-3.095, 0,7,7, ATTACK,1.500
4,299, 11.274,0.000,-1.303, 8.868,0.000,-3.095, 0,7,7, ATTACK,1.500
5,0, 0.025,0.000,0.000, 10.000,0.000,0.000, 1,0,8, SPRINT,0.300
5,1, 0.057,0.000,0.018, 10.000,0.000,0.000, 1,7,15, TURN_RIGHT_45,-0.050
5,2, 0.099,0.000,0.028, 10.000,0.000,0.000, 1,0,8, TURN_LEFT_45,0.150
5,3, 0.141,0.000,0.051, 10.000,0.000,0.000, 1,7,15, TURN_RIGHT_45,-0.050
5,4, 0.188,0.000,0.063, 10.000,0.000,0.000, 1,0,8, TURN_LEFT_45,0.150
5,5, 0.232,0.000,0.088, 10.000,0.000,0.000, 1,7,15, TURN_RIGHT_45,-0.050
5,6, 0.281,0.000,0.102, 10.000,0.000,0.000, 1,0,8, TURN_LEFT_45,0.150
5,7, 0.334,0.000,0.129, 10.000,0.000,0.000, 1,0,8, STRAFE_RIGHT,0.000
5,8, 0.366,0.000,0.175, 10.000,0.000,0.000, 1,7,15, TURN_RIGHT_45,-0.050
5,9, 0.409,0.000,0.219, 10.000,0.000,0.000, 1,0,8, TURN_LEFT_45,0.150
5,10, 0.437,0.000,0.275, 10.000,0.000,0.000, 1,7,15, TURN_RIGHT_45,-0.050
5,11, 0.477,0.000,0.325, 10.000,0.000,0.000, 1,0,8, TURN_LEFT_45,0.150
5,12, 0.503,0.000,0.384, 10.000,0.000,0.000, 1,7,15, TURN_RIGHT_45,-0.050
5,13, 0.543,0.000,0.436, 10.000,0.000,0.000, 1,0,8, TURN_LEFT_45,0.150
5,14, 0.569,0.000,0.496, 10.000,0.000,0.000, 1,7,15, TURN_RIGHT_45,-0.050
5,15, 0.569,0.000,0.542, 10.000,0.000,0.000, 1,7,15, SPRINT,0.000
5,16, 0.569,0.000,0.587, 10.000,0.000,0.000, 1,0,8, TURN_LEFT_45,0.150
5,17, 0.588,0.000,0.611, 10.000,0.000,0.000, 1,2,10, TURN_LEFT_90,-0.050
5,18, 0.599,0.000,0.644, 10.000,0.000,0.000, 1,0,8, TURN_RIGHT_90,0.150
5,19, 0.591,0.000,0.676, 10.000,0.000,0.000, 1,7,15, TURN_RIGHT_45,-0.050
5,20, 0.587,0.000,0.712, 10.000,0.000,0.000, 1,0,8, TURN_LEFT_45,0.150
5,21, 0.585,0.000,0.752, 10.000,0.000,0.000, 1,0,8, ATTACK,-0.500
5,22, 0.564,0.000,0.793, 10.000,0.000,0.000, 1,0,8, MOVE_BACK,0.000
5,23, 0.525,0.000,0.815, 10.000,0.000,0.000, 1,7,15, TURN_RIGHT_45,-0.050
5,24, 0.490,0.000,0.841, 10.000,0.000,0.000, 1,7,15, MOVE_BACK,0.000
5,25, 0.471,0.000,0.875, 10.000,0.000,0.000, 1,0,8, TURN_LEFT_45,0.150
5,26, 0.447,0.000,0.907, 10.000,0.000,0.000, 1,7,15, TURN_RIGHT_45,-0.050
5,27, 0.434,0.000,0.944, 10.000,0.000,0.000, 1,0,8, TURN_LEFT_45,0.150
5,28, 0.413,0.000,0.978, 10.000,0.000,0.000, 1,7,15, TURN_RIGHT_45,-0.050
5,29, 0.401,0.000,1.016, 10.000,0.000,0.000, 1,0,8, TURN_LEFT_45,0.150
5,30, 0.415,0.000,1.036, 10.000,0.000,0.000, 1,2,10, TURN_LEFT_90,-0.050
5,31, 0.422,0.000,1.067, 10.000,0.000,0.000, 1,0,8, TURN_RIGHT_90,0.150
5,32, 0.412,0.000,1.098, 10.000,0.000,0.000, 1,7,15, TURN_RIGHT_45,-0.050
5,33, 0.407,0.000,1.134, 10.000,0.000,0.000, 1,0,8, TURN_LEFT_45,0.150
5,34, 0.390,0.000,1.167, 10.000,0.000,0.000, 1,7,15, TURN_RIGHT_45,-0.050
5,35, 0.381,0.000,1.205, 10.000,0.000,0.000, 1,0,8, TURN_LEFT_45,0.150
5,36, 0.362,0.000,1.239, 10.000,0.000,0.000, 1,7,15, TURN_RIGHT_45,-0.050
5,37, 0.352,0.000,1.277, 10.000,0.000,0.000, 1,0,8, TURN_LEFT_45,0.150
5,38, 0.333,0.000,1.312, 10.000,0.000,0.000, 1,7,15, TURN_RIGHT_45,-0.050
5,39, 0.322,0.000,1.350, 10.000,0.000,0.000, 1,0,8, TURN_LEFT_45,0.150
5,40, 0.303,0.000,1.385, 10.000,0.000,0.000, 1,7,15, TURN_RIGHT_45,-0.050
5,41, 0.292,0.000,1.423, 10.000,0.000,0.000, 1,0,8, TURN_LEFT_45,0.150
5,42, 0.272,0.000,1.458, 10.000,0.000,0.000, 1,7,15, TURN_RIGHT_45,-0.050
5,43, 0.262,0.000,1.496, 10.000,0.000,0.000, 1,0,8, TURN_LEFT_45,0.150
5,44, 0.242,0.000,1.531, 10.000,0.000,0.000, 1,7,15, TURN_RIGHT_45,-0.050
5,45, 0.236,0.000,1.582, 10.000,0.000,0.000, 1,7,15, SPRINT,0.000
5,46, 0.257,0.000,1.629, 10.000,0.000,0.000, 1,0,8, TURN_LEFT_45,0.150
5,47, 0.273,0.000,1.686, 10.000,0.000,0.000, 1,7,15, TURN_RIGHT_45,-0.050
5,48, 0.307,0.000,1.737, 10.000,0.000,0.000, 1,0,8, TURN_LEFT_45,0.150
5,49, 0.357,0.000,1.760, 10.000,0.000,0.000, 1,1,9, TURN_LEFT_45,-0.050
5,50, 0.410,0.000,1.792, 10.000,0.000,0.000, 1,0,8, TURN_RIGHT_45,0.150
5,51, 0.443,0.000,1.842, 10.000,0.000,0.000, 1,7,15, TURN_RIGHT_45,-0.050
5,52, 0.486,0.000,1.888, 10.000,0.000,0.000, 1,0,8, TURN_LEFT_45,0.150
5,53, 0.514,0.000,1.945, 10.000,0.000,0.000, 1,7,15, TURN_RIGHT_45,-0.050
5,54, 0.554,0.000,1.995, 10.000,0.000,0.000, 1,0,8, TURN_LEFT_45,0.150
5,55, 0.580,0.000,2.055, 10.000,0.000,0.000, 1,7,15, TURN_RIGHT_45,-0.050
5,56, 0.620,0.000,2.106, 10.000,0.000,0.000, 1,0,8, TURN_LEFT_45,0.150
5,57, 0.646,0.000,2.166, 10.000,0.000,0.000, 1,7,15, TURN_RIGHT_45,-0.050
5,58, 0.646,0.000,2.212, 10.000,0.000,0.000, 1,7,15, SPRINT,0.000
5,59, 0.646,0.000,2.257, 10.000,0.000,0.000, 1,0,8, TURN_LEFT_45,0.150
5,60, 0.632,0.000,2.295, 10.000,0.000,0.000, 1,7,15, TURN_RIGHT_45,-0.050
5,61, 0.625,0.000,2.336, 10.000,0.000,0.000, 1,0,8, TURN_LEFT_45,0.150
5,62, 0.607,0.000,2.371, 10.000,0.000,0.000, 1,7,15, TURN_RIGHT_45,-0.050
5,63, 0.597,0.000,2.410, 10.000,0.000,0.000, 1,0,8, TURN_LEFT_45,0.150
5,64, 0.611,0.000,2.432, 10.000,0.000,0.000, 1,2,10, TURN_LEFT_90,-0.050
5,65, 0.619,0.000,2.463, 10.000,0.000,0.000, 1,0,8, TURN_RIGHT_90,0.150
5,66, 0.643,0.000,2.480, 10.000,0.000,0.000, 1,2,10, TURN_LEFT_90,-0.050
5,67, 0.656,0.000,2.508, 10.000,0.000,0.000, 1,0,8, TURN_RIGHT_90,0.150
5,68, 0.649,0.000,2.538, 10.000,0.000,0.000, 1,7,15, TURN_RIGHT_45,-0.050
5,69, 0.645,0.000,2.573, 10.000,0.000,0.000, 1,0,8, TURN_LEFT_45,0.150
5,70, 0.630,0.000,2.606, 10.000,0.000,0.000, 1,7,15, TURN_RIGHT_45,-0.050
5,71, 0.621,0.000,2.644, 10.000,0.000,0.000, 1,0,8, TURN_LEFT_45,0.150
5,72, 0.616,0.000,2.664, 10.000,0.000,0.000, 1,0,8, STRAFE_RIGHT,0.000
5,73, 0.614,0.000,2.676, 10.000,0.000,0.000, 1,7,15, TURN_RIGHT_45,-0.050
5,74, 0.612,0.000,2.682, 10.000,0.000,0.000, 1,0,8, TURN_LEFT_45,0.150
5,75, 0.612,0.000,2.685, 10.000,0.000,0.000, 1,7,15, TURN_RIGHT_45,-0.050
5,76, 0.611,0.000,2.687, 10.000,0.000,0.000, 1,0,8, TURN_LEFT_45,0.150
5,77, 0.611,0.000,2.688, 10.000,0.000,0.000, 1,7,15, TURN_RIGHT_45,-0.050
5,78, 0.611,0.000,2.688, 10.000,0.000,0.000, 1,0,8, TURN_LEFT_45,0.150
5,79, 0.611,0.000,2.689, 10.000,0.000,0.000, 1,7,15, TURN_RIGHT_45,-0.050
5,80, 0.611,0.000,2.689, 10.000,0.000,0.000, 1,1,9, TURN_LEFT_90,-0.050
5,81, 0.611,0.000,2.689, 10.000,0.000,0.000, 1,1,9, ATTACK,-0.500
5,82, 0.611,0.420,2.689, 10.000,0.000,0.000, 1,1,9, JUMP,-0.020
5,83, 0.611,0.753,2.689, 10.000,0.000,0.000, 1,0,8, TURN_RIGHT_45,0.150
5,84, 0.611,1.001,2.689, 10.000,0.000,0.000, 1,7,15, TURN_RIGHT_45,-0.050
5,85, 0.611,1.166,2.689, 10.000,0.000,0.000, 1,0,8, TURN_LEFT_45,0.150
5,86, 0.591,1.249,2.689, 10.000,0.000,0.000, 1,0,8, MOVE_BACK,0.000
5,87, 0.560,1.252,2.675, 10.000,0.000,0.000, 1,7,15, TURN_RIGHT_45,-0.050
5,88, 0.512,1.177,2.663, 10.000,0.000,0.000, 1,0,8, TURN_LEFT_45,0.150
5,89, 0.454,1.024,2.638, 10.000,0.000,0.000, 1,7,15, TURN_RIGHT_45,-0.050
5,90, 0.402,0.797,2.615, 10.000,0.000,0.000, 1,7,15, MOVE_BACK,0.000
5,91, 0.355,0.495,2.594, 10.000,0.000,0.000, 1,0,8, TURN_LEFT_45,0.150
5,92, 0.311,0.121,2.575, 10.000,0.000,0.000, 2,7,23, TURN_RIGHT_45,-0.050
5,93, 0.290,0.000,2.576, 10.000,0.000,0.000, 2,7,23, SPRINT,0.000
5,94, 0.278,0.000,2.576, 10.000,0.000,0.000, 2,7,23, SPRINT,0.000
5,95, 0.289,0.000,2.594, 10.000,0.000,0.000, 2,7,23, SPRINT,0.000
5,96, 0.296,0.000,2.604, 10.000,0.000,0.000, 2,7,23, SPRINT,0.000
5,97, 0.317,0.000,2.627, 10.000,0.000,0.000, 2,7,23, SPRINT,0.000
5,98, 0.346,0.000,2.658, 10.000,0.000,0.000, 2,7,23, MOVE_FORWARD,0.000
5,99, 0.362,0.000,2.675, 10.000,0.000,0.000, 2,7,23, SPRINT,0.000
5,100, 0.389,0.000,2.702, 10.000,0.000,0.000, 1,7,15, SPRINT,0.300
5,101, 0.429,0.000,2.716, 10.000,0.000,0.000, 1,0,8, TURN_LEFT_45,0.150
5,102, 0.469,0.000,2.742, 10.000,0.000,0.000, 1,7,15, TURN_RIGHT_45,-0.050
5,103, 0.522,0.000,2.761, 10.000,0.000,0.000, 1,7,15, STRAFE_LEFT,0.000
5,104, 0.576,0.000,2.751, 10.000,0.000,0.000, 1,0,8, TURN_LEFT_45,0.150
5,105, 0.637,0.000,2.750, 10.000,0.000,0.000, 1,7,15, TURN_RIGHT_45,-0.050
5,106, 0.696,0.000,2.730, 10.000,0.000,0.000, 1,0,8, TURN_LEFT_45,0.150
5,107, 0.760,0.000,2.723, 10.000,0.000,0.000, 1,7,15, TURN_RIGHT_45,-0.050
5,108, 0.820,0.000,2.700, 10.000,0.000,0.000, 1,0,8, TURN_LEFT_45,0.150
5,109, 0.884,0.000,2.692, 10.000,0.000,0.000, 1,7,15, TURN_RIGHT_45,-0.050
5,110, 0.944,0.000,2.667, 10.000,0.000,0.000, 1,0,8, TURN_LEFT_45,0.150
5,111, 1.003,0.000,2.635, 10.000,0.000,0.000, 1,0,8, MOVE_FORWARD,0.000
5,112, 1.060,0.000,2.617, 10.000,0.000,0.000, 1,0,8, STRAFE_LEFT,0.000
5,113, 1.109,0.000,2.625, 10.000,0.000,0.000, 1,7,15, TURN_RIGHT_45,-0.050
5,114, 1.161,0.000,2.630, 10.000,0.000,0.000, 1,0,8, TURN_LEFT_45,0.150
5,115, 1.207,0.000,2.650, 10.000,0.000,0.000, 1,7,15, TURN_RIGHT_45,-0.050
5,116, 1.258,0.000,2.661, 10.000,0.000,0.000, 1,0,8, TURN_LEFT_45,0.150
5,117, 1.303,0.000,2.685, 10.000,0.000,0.000, 1,7,15, TURN_RIGHT_45,-0.050
5,118, 1.353,0.000,2.698, 10.000,0.000,0.000, 1,0,8, TURN_LEFT_45,0.150
5,119, 1.398,0.000,2.723, 10.000,0.000,0.000, 1,7,15, TURN_RIGHT_45,-0.050
5,120, 1.448,0.000,2.737, 10.000,0.000,0.000, 1,0,8, TURN_LEFT_45,0.150
5,121, 1.493,0.000,2.762, 10.000,0.000,0.000, 1,7,15, TURN_RIGHT_45,-0.050
5,122, 1.543,0.000,2.776, 10.000,0.000,0.000, 1,0,8, TURN_LEFT_45,0.150
5,123, 1.596,0.420,2.783, 10.000,0.000,0.000, 1,0,8, JUMP,-0.020
5,124, 1.661,0.753,2.808, 10.000,0.000,0.000, 1,7,15, TURN_RIGHT_45,-0.050
5,125, 1.746,1.001,2.831, 10.000,0.000,0.000, 1,0,8, TURN_LEFT_45,0.150
5,126, 1.842,1.166,2.869, 10.000,0.000,0.000, 1,7,15, TURN_RIGHT_45,-0.050
5,127, 1.953,1.249,2.904, 10.000,0.000,0.000, 1,0,8, TURN_LEFT_45,0.150
5,128, 2.073,1.252,2.953, 10.000,0.000,0.000, 1,7,15, TURN_RIGHT_45,-0.050
5,129, 2.200,1.177,3.016, 10.000,0.000,0.000, 1,7,15, MOVE_FORWARD,0.000
5,130, 2.341,1.024,3.074, 10.000,0.000,0.000, 1,0,8, TURN_LEFT_45,0.150
5,131, 2.486,0.797,3.144, 10.000,0.000,0.000, 1,6,14, TURN_RIGHT_45,-0.050
5,132, 2.644,0.495,3.208, 10.000,0.000,0.000, 1,7,15, TURN_LEFT_45,0.150
5,133, 2.806,0.121,3.248, 10.000,0.000,0.000, 1,0,8, TURN_LEFT_45,0.150
5,134, 2.978,0.000,3.284, 10.000,0.000,0.000, 1,7,15, TURN_RIGHT_45,-0.050
5,135, 3.098,0.000,3.324, 10.000,0.000,0.000, 1,7,15, STRAFE_RIGHT,0.000
5,136, 3.188,0.000,3.364, 10.000,0.000,0.000, 1,7,15, MOVE_BACK,0.000
5,137, 3.269,0.000,3.383, 10.000,0.000,0.000, 1,0,8, TURN_LEFT_45,0.150
5,138, 3.317,0.000,3.424, 10.000,0.000,0.000, 1,6,14, TURN_RIGHT_90,-0.050
5,139, 3.369,0.000,3.466, 10.000,0.000,0.000, 1,7,15, TURN_LEFT_45,0.150
5,140, 3.429,0.000,3.485, 10.000,0.000,0.000, 1,0,8, TURN_LEFT_45,0.150
5,141, 3.487,0.000,3.515, 10.000,0.000,0.000, 1,7,15, TURN_RIGHT_45,-0.050
5,142, 3.550,0.000,3.527, 10.000,0.000,0.000, 1,0,8, TURN_LEFT_45,0.150
5,143, 3.580,0.000,3.502, 10.000,0.000,0.000, 1,2,10, TURN_LEFT_90,-0.050
5,144, 3.629,0.000,3.484, 10.000,0.000,0.000, 1,0,8, TURN_RIGHT_90,0.150
5,145, 3.686,0.000,3.471, 10.000,0.000,0.000, 1,0,8, MOVE_FORWARD,0.000
5,146, 3.743,0.000,3.482, 10.000,0.000,0.000, 1,7,15, TURN_RIGHT_45,-0.050
5,147, 3.806,0.000,3.485, 10.000,0.000,0.000, 1,0,8, TURN_LEFT_45,0.150
5,148, 3.865,0.000,3.505, 10.000,0.000,0.000, 1,7,15, TURN_RIGHT_45,-0.050
5,149, 3.930,0.000,3.513, 10.000,0.000,0.000, 1,0,8, TURN_LEFT_45,0.150
5,150, 3.996,0.000,3.512, 10.000,0.000,0.000, 1,0,8, MOVE_FORWARD,0.000
5,151, 4.058,0.000,3.532, 10.000,0.000,0.000, 1,7,15, TURN_RIGHT_45,-0.050
5,152, 4.123,0.000,3.538, 10.000,0.000,0.000, 1,0,8, TURN_LEFT_45,0.150
5,153, 4.190,0.420,3.538, 10.000,0.000,0.000, 1,0,8, JUMP,-0.020
5,154, 4.269,0.753,3.519, 10.000,0.000,0.000, 1,0,8, STRAFE_RIGHT,0.000
5,155, 4.366,1.001,3.502, 10.000,0.000,0.000, 1,7,15, TURN_RIGHT_45,-0.050
5,156, 4.473,1.166,3.469, 10.000,0.000,0.000, 1,0,8, TURN_LEFT_45,0.150
5,157, 4.595,1.249,3.439, 10.000,0.000,0.000, 1,7,15, TURN_RIGHT_45,-0.050
5,158, 4.724,1.252,3.394, 10.000,0.000,0.000, 1,0,8, TURN_LEFT_45,0.150
5,159, 4.866,1.177,3.353, 10.000,0.000,0.000, 1,7,15, TURN_RIGHT_45,-0.050
5,160, 5.014,1.024,3.333, 10.000,0.000,0.000, 1,6,14, TURN_RIGHT_45,-0.050
5,161, 5.180,0.797,3.319, 10.000,0.000,0.000, 1,6,14, STRAFE_LEFT,0.000
5,162, 5.356,0.495,3.287, 10.000,0.000,0.000, 1,7,15, TURN_LEFT_45,0.150
5,163, 5.520,0.121,3.227, 10.000,0.000,0.000, 1,0,8, TURN_LEFT_45,0.150
5,164, 5.650,0.000,3.146, 10.000,0.000,0.000, 1,1,9, TURN_LEFT_45,-0.050
5,165, 5.726,0.000,3.071, 10.000,0.000,0.000, 1,0,8, TURN_RIGHT_45,0.150
5,166, 5.792,0.000,3.010, 10.000,0.000,0.000, 1,7,15, TURN_RIGHT_45,-0.050
5,167, 5.832,0.000,2.945, 10.000,0.000,0.000, 1,0,8, TURN_LEFT_45,0.150
5,168, 5.880,0.000,2.891, 10.000,0.000,0.000, 1,7,15, TURN_RIGHT_45,-0.050
5,169, 5.910,0.000,2.829, 10.000,0.000,0.000, 0,0,0, TURN_LEFT_45,0.450
5,170, 5.930,0.000,2.764, 10.000,0.000,0.000, 0,0,0, ATTACK,1.500
5,171, 5.945,0.000,2.697, 10.000,0.000,0.000, 0,0,0, ATTACK,1.500
5,172, 5.922,0.000,2.656, 10.000,0.000,0.000, 0,2,2, TURN_LEFT_90,-0.050
5,173, 5.890,0.000,2.608, 10.000,0.000,0.000, 0,1,1, TURN_RIGHT_45,0.150
5,174, 5.877,0.000,2.551, 10.000,0.000,0.000, 0,0,0, TURN_RIGHT_45,0.150
5,175, 5.855,0.000,2.506, 10.000,0.000,0.000, 0,0,0, SPRINT,0.000
5,176, 5.830,0.000,2.467, 10.000,0.000,0.000, 0,0,0, ATTACK,1.500
5,177, 5.803,0.000,2.433, 10.000,0.000,0.000, 0,0,0, ATTACK,1.500
5,178, 5.774,0.000,2.400, 10.000,0.000,0.000, 0,0,0, ATTACK,1.500
5,179, 5.745,0.000,2.368, 10.000,0.000,0.000, 0,0,0, ATTACK,1.500
5,180, 5.715,0.000,2.337, 10.000,0.000,0.000, 0,0,0, ATTACK,1.500
5,181, 5.698,0.000,2.301, 10.000,0.000,0.000, 0,7,7, TURN_RIGHT_45,-0.050
5,182, 5.690,0.000,2.262, 10.000,0.000,0.000, 0,7,7, ATTACK,1.500
5,183, 5.685,0.000,2.221, 10.000,0.000,0.000, 0,7,7, ATTACK,1.500
5,184, 5.663,0.000,2.179, 10.000,0.000,0.000, 0,7,7, MOVE_BACK,0.000
5,185, 5.631,0.000,2.137, 10.000,0.000,0.000, 0,7,7, ATTACK,1.500
5,186, 5.594,0.000,2.094, 10.000,0.000,0.000, 0,7,7, ATTACK,1.500
5,187, 5.555,0.000,2.052, 10.000,0.000,0.000, 0,7,7, ATTACK,1.500
5,188, 5.514,0.000,2.009, 10.000,0.000,0.000, 0,7,7, ATTACK,1.500
5,189, 5.472,0.000,1.966, 10.000,0.000,0.000, 0,7,7, ATTACK,1.500
5,190, 5.430,0.000,1.923, 10.000,0.000,0.000, 0,7,7, SPRINT,0.000
5,191, 5.388,0.000,1.881, 10.000,0.000,0.000, 0,0,0, ATTACK,1.700
5,192, 5.345,0.000,1.838, 10.000,0.000,0.000, 1,0,8, ATTACK,1.500
5,193, 5.322,0.000,1.787, 10.000,0.000,0.000, 1,7,15, TURN_RIGHT_45,-0.050
5,194, 5.290,0.000,1.740, 10.000,0.000,0.000, 1,0,8, TURN_LEFT_45,0.150
5,195, 5.272,0.000,1.687, 10.000,0.000,0.000, 1,7,15, TURN_RIGHT_45,-0.050
5,196, 5.243,0.000,1.638, 10.000,0.000,0.000, 1,0,8, TURN_LEFT_45,0.150
5,197, 5.200,0.000,1.612, 10.000,0.000,0.000, 1,1,9, TURN_LEFT_45,-0.050
5,198, 5.157,0.000,1.578, 10.000,0.000,0.000, 1,0,8, TURN_RIGHT_45,0.150
5,199, 5.133,0.000,1.532, 10.000,0.000,0.000, 1,7,15, TURN_RIGHT_45,-0.050
5,200, 5.148,0.000,1.507, 10.000,0.000,0.000, 1,5,13, TURN_RIGHT_90,-0.050
5,201, 5.175,0.000,1.474, 10.000,0.000,0.000, 1,6,14, TURN_LEFT_45,0.150
5,202, 5.190,0.000,1.428, 10.000,0.000,0.000, 1,7,15, TURN_LEFT_45,0.150
5,203, 5.171,0.000,1.403, 10.000,0.000,0.000, 1,1,9, TURN_LEFT_90,-0.050
5,204, 5.141,0.000,1.370, 10.000,0.000,0.000, 1,0,8, TURN_RIGHT_45,0.150
5,205, 5.124,0.000,1.325, 10.000,0.000,0.000, 1,7,15, TURN_RIGHT_45,-0.050
5,206, 5.129,0.000,1.286, 10.000,0.000,0.000, 1,7,15, MOVE_FORWARD,0.000
5,207, 5.132,0.000,1.245, 10.000,0.000,0.000, 1,0,8, TURN_LEFT_45,0.150
5,208, 5.147,0.000,1.210, 10.000,0.000,0.000, 1,7,15, TURN_RIGHT_45,-0.050
5,209, 5.155,0.000,1.171, 10.000,0.000,0.000, 0,0,0, TURN_LEFT_45,0.450
5,210, 5.160,0.000,1.130, 10.000,0.000,0.000, 0,0,0, ATTACK,1.500
5,211, 5.162,0.000,1.088, 10.000,0.000,0.000, 0,0,0, ATTACK,1.500
5,212, 5.164,0.000,1.046, 10.000,0.000,0.000, 0,0,0, ATTACK,1.500
5,213, 5.164,0.000,1.004, 10.000,0.000,0.000, 0,0,0, ATTACK,1.500
5,214, 5.165,0.000,0.961, 10.000,0.000,0.000, 0,0,0, ATTACK,1.500
5,215, 5.165,0.000,0.918, 10.000,0.000,0.000, 0,0,0, ATTACK,1.500
5,216, 5.165,0.000,0.876, 10.000,0.000,0.000, 0,0,0, ATTACK,1.500
5,217, 5.165,0.000,0.833, 10.000,0.000,0.000, 0,0,0, MOVE_BACK,0.000
5,218, 5.165,0.000,0.790, 10.000,0.000,0.000, 0,0,0, ATTACK,1.500
5,219, 5.165,0.420,0.747, 10.000,0.000,0.000, 0,0,0, JUMP,-0.020
5,220, 5.165,0.753,0.689, 10.000,0.000,0.000, 0,0,0, ATTACK,2.200
5,221, 5.165,1.001,0.616, 10.000,0.000,0.000, 0,0,0, ATTACK,2.200
5,222, 5.165,1.166,0.531, 10.000,0.000,0.000, 0,0,0, ATTACK,2.200
5,223, 5.165,1.249,0.434, 10.000,0.000,0.000, 0,0,0, ATTACK,2.200
5,224, 5.165,1.252,0.326, 10.000,0.000,0.000, 0,0,0, ATTACK,2.200
5,225, 5.165,1.177,0.208, 10.000,0.000,0.000, 0,0,0, ATTACK,2.200
5,226, 5.165,1.024,0.082, 10.000,0.000,0.000, 0,0,0, ATTACK,2.200
5,227, 5.165,0.797,-0.053, 10.000,0.000,0.000, 0,0,0, ATTACK,2.200
5,228, 5.165,0.495,-0.195, 10.000,0.000,0.000, 0,0,0, ATTACK,2.200
5,229, 5.165,0.121,-0.343, 10.000,0.000,0.000, 0,0,0, ATTACK,2.200
5,230, 5.165,0.000,-0.498, 10.000,0.000,0.000, 0,0,0, ATTACK,1.500
5,231, 5.165,0.000,-0.601, 10.000,0.000,0.000, 0,0,0, ATTACK,1.500
5,232, 5.165,0.000,-0.678, 10.000,0.000,0.000, 0,0,0, ATTACK,1.500
5,233, 5.185,0.000,-0.719, 10.000,0.000,0.000, 0,6,6, TURN_RIGHT_90,-0.050
5,234, 5.215,0.000,-0.742, 10.000,0.000,0.000, 0,6,6, STRAFE_RIGHT,0.000
5,235, 5.231,0.000,-0.774, 10.000,0.000,0.000, 0,0,0, TURN_LEFT_90,0.150
5,236, 5.240,0.000,-0.810, 10.000,0.000,0.000, 0,0,0, ATTACK,1.500
5,237, 5.231,0.000,-0.844, 10.000,0.000,0.000, 0,1,1, TURN_LEFT_45,-0.050
5,238, 5.227,0.000,-0.882, 10.000,0.000,0.000, 0,0,0, TURN_RIGHT_45,0.150
5,239, 5.224,0.000,-0.903, 10.000,0.000,0.000, 0,0,0, STRAFE_LEFT,0.000
5,240, 5.222,0.000,-0.914, 10.000,0.000,0.000, 0,6,6, TURN_RIGHT_90,-0.050
5,241, 5.222,0.000,-0.920, 10.000,0.000,0.000, 0,0,0, TURN_LEFT_90,0.150
5,242, 5.221,0.000,-0.924, 10.000,0.000,0.000, 0,0,0, ATTACK,1.500
5,243, 5.221,0.000,-0.925, 10.000,0.000,0.000, 0,0,0, ATTACK,1.500
5,244, 5.221,0.000,-0.907, 10.000,0.000,0.000, 0,0,0, STRAFE_RIGHT,0.000
5,245, 5.221,0.000,-0.878, 10.000,0.000,0.000, 0,0,0, ATTACK,1.500
5,246, 5.221,0.000,-0.842, 10.000,0.000,0.000, 0,0,0, ATTACK,1.500
5,247, 5.240,0.000,-0.823, 10.000,0.000,0.000, 0,2,2, TURN_LEFT_90,-0.050
5,248, 5.265,0.000,-0.798, 10.000,0.000,0.000, 0,1,1, TURN_RIGHT_45,0.150
5,249, 5.278,0.000,-0.766, 10.000,0.000,0.000, 0,0,0, TURN_RIGHT_45,0.150
5,250, 5.285,0.000,-0.728, 10.000,0.000,0.000, 0,0,0, SPRINT,0.000
5,251, 5.289,0.000,-0.689, 10.000,0.000,0.000, 0,0,0, ATTACK,1.500
5,252, 5.291,0.000,-0.647, 10.000,0.000,0.000, 0,0,0, ATTACK,1.500
5,253, 5.292,0.000,-0.605, 10.000,0.000,0.000, 0,0,0, ATTACK,1.500
5,254, 5.307,0.000,-0.569, 10.000,0.000,0.000, 0,1,1, TURN_LEFT_45,-0.050
5,255, 5.334,0.000,-0.549, 10.000,0.000,0.000, 0,2,2, TURN_LEFT_45,-0.050
5,256, 5.363,0.000,-0.524, 10.000,0.000,0.000, 0,1,1, TURN_RIGHT_45,0.150
5,257, 5.378,0.000,-0.491, 10.000,0.000,0.000, 0,0,0, TURN_RIGHT_45,0.150
5,258, 5.387,0.000,-0.454, 10.000,0.000,0.000, 0,0,0, ATTACK,1.500
5,259, 5.391,0.000,-0.414, 10.000,0.000,0.000, 0,0,0, ATTACK,1.500
5,260, 5.394,0.000,-0.373, 10.000,0.000,0.000, 0,0,0, ATTACK,1.500
5,261, 5.395,0.000,-0.331, 10.000,0.000,0.000, 0,0,0, ATTACK,1.500
5,262, 5.396,0.000,-0.289, 10.000,0.000,0.000, 0,0,0, ATTACK,1.500
5,263, 5.397,0.000,-0.246, 10.000,0.000,0.000, 0,0,0, ATTACK,1.500
5,264, 5.397,0.000,-0.203, 10.000,0.000,0.000, 0,0,0, ATTACK,1.500
5,265, 5.397,0.000,-0.161, 10.000,0.000,0.000, 0,0,0, ATTACK,1.500
5,266, 5.397,0.000,-0.118, 10.000,0.000,0.000, 0,0,0, ATTACK,1.500
5,267, 5.397,0.000,-0.075, 10.000,0.000,0.000, 0,0,0, ATTACK,1.500
5,268, 5.397,0.000,-0.032, 10.000,0.000,0.000, 0,0,0, ATTACK,1.500
5,269, 5.397,0.000,0.010, 10.000,0.000,0.000, 0,0,0, ATTACK,1.500
5,270, 5.397,0.000,0.053, 10.000,0.000,0.000, 0,0,0, ATTACK,1.500
5,271, 5.397,0.000,0.096, 10.000,0.000,0.000, 0,0,0, ATTACK,1.500
5,272, 5.397,0.000,0.139, 10.000,0.000,0.000, 0,0,0, ATTACK,1.500
5,273, 5.397,0.000,0.182, 10.000,0.000,0.000, 0,0,0, ATTACK,1.500
5,274, 5.397,0.000,0.224, 10.000,0.000,0.000, 0,0,0, SPRINT,0.000
5,275, 5.397,0.000,0.267, 10.000,0.000,0.000, 0,0,0, ATTACK,1.500
5,276, 5.397,0.000,0.310, 10.000,0.000,0.000, 0,0,0, ATTACK,1.500
5,277, 5.397,0.000,0.353, 10.000,0.000,0.000, 0,0,0, ATTACK,1.500
5,278, 5.397,0.000,0.396, 10.000,0.000,0.000, 0,0,0, ATTACK,1.500
5,279, 5.397,0.000,0.438, 10.000,0.000,0.000, 0,0,0, ATTACK,1.500
5,280, 5.397,0.000,0.481, 10.000,0.000,0.000, 0,0,0, ATTACK,1.500
5,281, 5.397,0.000,0.524, 10.000,0.000,0.000, 0,0,0, ATTACK,1.500
5,282, 5.397,0.000,0.567, 10.000,0.000,0.000, 0,0,0, ATTACK,1.500
5,283, 5.397,0.000,0.610, 10.000,0.000,0.000, 0,0,0, ATTACK,1.500
5,284, 5.397,0.000,0.652, 10.000,0.000,0.000, 0,0,0, ATTACK,1.500
5,285, 5.397,0.000,0.695, 10.000,0.000,0.000, 0,0,0, ATTACK,1.500
5,286, 5.397,0.000,0.738, 10.000,0.000,0.000, 0,0,0, ATTACK,1.500
5,287, 5.383,0.000,0.775, 10.000,0.000,0.000, 0,7,7, TURN_RIGHT_45,-0.050
5,288, 5.362,0.000,0.809, 10.000,0.000,0.000, 0,7,7, ATTACK,1.500
5,289, 5.337,0.000,0.841, 10.000,0.000,0.000, 0,7,7, ATTACK,1.500
5,290, 5.309,0.000,0.873, 10.000,0.000,0.000, 0,7,7, ATTACK,1.500
5,291, 5.280,0.000,0.904, 10.000,0.000,0.000, 0,7,7, ATTACK,1.500
5,292, 5.251,0.000,0.934, 10.000,0.000,0.000, 0,7,7, ATTACK,1.500
5,293, 5.221,0.000,0.965, 10.000,0.000,0.000, 0,7,7, ATTACK,1.500
5,294, 5.205,0.000,1.001, 10.000,0.000,0.000, 0,0,0, TURN_LEFT_45,0.150
5,295, 5.196,0.000,1.040, 10.000,0.000,0.000, 0,0,0, ATTACK,1.500
5,296, 5.191,0.000,1.081, 10.000,0.000,0.000, 0,0,0, ATTACK,1.500
5,297, 5.188,0.000,1.122, 10.000,0.000,0.000, 0,0,0, ATTACK,1.500
5,298, 5.187,0.000,1.164, 10.000,0.000,0.000, 0,0,0, ATTACK,1.500
5,299, 5.186,0.000,1.207, 10.000,0.000,0.000, 0,0,0, ATTACK,1.500
6,0, 0.025,0.000,0.000, 10.000,0.000,0.000, 1,0,8, SPRINT,0.300
6,1, 0.057,0.000,0.018, 10.000,0.000,0.000, 1,7,15, TURN_RIGHT_45,-0.050
6,2, 0.099,0.000,0.028, 10.000,0.000,0.000, 1,0,8, TURN_LEFT_45,0.150
6,3, 0.141,0.000,0.051, 10.000,0.000,0.000, 1,7,15, TURN_RIGHT_45,-0.050
6,4, 0.188,0.000,0.063, 10.000,0.000,0.000, 1,0,8, TURN_LEFT_45,0.150
6,5, 0.232,0.000,0.088, 10.000,0.000,0.000, 1,7,15, TURN_RIGHT_45,-0.050
6,6, 0.281,0.000,0.102, 10.000,0.000,0.000, 1,0,8, TURN_LEFT_45,0.150
6,7, 0.326,0.000,0.127, 10.000,0.000,0.000, 1,7,15, TURN_RIGHT_45,-0.050
6,8, 0.376,0.000,0.141, 10.000,0.000,0.000, 1,0,8, TURN_LEFT_45,0.150
6,9, 0.421,0.000,0.166, 10.000,0.000,0.000, 1,7,15, TURN_RIGHT_45,-0.050
6,10, 0.471,0.000,0.180, 10.000,0.000,0.000, 1,0,8, TURN_LEFT_45,0.150
6,11, 0.516,0.000,0.205, 10.000,0.000,0.000, 1,7,15, TURN_RIGHT_45,-0.050
6,12, 0.544,0.000,0.251, 10.000,0.000,0.000, 1,7,15, STRAFE_RIGHT,0.000
6,13, 0.585,0.000,0.295, 10.000,0.000,0.000, 1,0,8, TURN_LEFT_45,0.150
6,14, 0.633,0.000,0.319, 10.000,0.000,0.000, 1,0,8, STRAFE_RIGHT,0.000
6,15, 0.677,0.000,0.350, 10.000,0.000,0.000, 1,7,15, TURN_RIGHT_45,-0.050
6,16, 0.726,0.000,0.367, 10.000,0.000,0.000, 1,0,8, TURN_LEFT_45,0.150
6,17, 0.771,0.000,0.395, 10.000,0.000,0.000, 1,7,15, TURN_RIGHT_45,-0.050
6,18, 0.820,0.000,0.409, 10.000,0.000,0.000, 1,0,8, TURN_LEFT_45,0.150
6,19, 0.865,0.000,0.435, 10.000,0.000,0.000, 1,7,15, TURN_RIGHT_45,-0.050
6,20, 0.872,0.000,0.467, 10.000,0.000,0.000, 1,5,13, TURN_RIGHT_90,-0.050
6,21, 0.876,0.000,0.510, 10.000,0.000,0.000, 1,6,14, TURN_LEFT_45,0.150
6,22, 0.896,0.000,0.551, 10.000,0.000,0.000, 1,7,15, TURN_LEFT_45,0.150
6,23, 0.932,0.000,0.574, 10.000,0.000,0.000, 1,0,8, TURN_LEFT_45,0.150
6,24, 0.969,0.000,0.604, 10.000,0.000,0.000, 1,7,15, TURN_RIGHT_45,-0.050
6,25, 1.015,0.000,0.620, 10.000,0.000,0.000, 1,0,8, TURN_LEFT_45,0.150
6,26, 1.058,0.000,0.647, 10.000,0.000,0.000, 1,7,15, TURN_RIGHT_45,-0.050
6,27, 1.099,0.000,0.680, 10.000,0.000,0.000, 1,7,15, MOVE_BACK,0.000
6,28, 1.147,0.000,0.697, 10.000,0.000,0.000, 1,0,8, TURN_LEFT_45,0.150
6,29, 1.191,0.000,0.725, 10.000,0.000,0.000, 1,7,15, TURN_RIGHT_45,-0.050
6,30, 1.240,0.000,0.740, 10.000,0.000,0.000, 1,0,8, TURN_LEFT_45,0.150
6,31, 1.285,0.000,0.766, 10.000,0.000,0.000, 1,7,15, TURN_RIGHT_45,-0.050
6,32, 1.335,0.000,0.780, 10.000,0.000,0.000, 1,0,8, TURN_LEFT_45,0.150
6,33, 1.380,0.000,0.806, 10.000,0.000,0.000, 1,7,15, TURN_RIGHT_45,-0.050
6,34, 1.429,0.000,0.820, 10.000,0.000,0.000, 1,0,8, TURN_LEFT_45,0.150
6,35, 1.475,0.000,0.846, 10.000,0.000,0.000, 1,7,15, TURN_RIGHT_45,-0.050
6,36, 1.524,0.000,0.859, 10.000,0.000,0.000, 1,0,8, TURN_LEFT_45,0.150
6,37, 1.569,0.000,0.885, 10.000,0.000,0.000, 1,7,15, TURN_RIGHT_45,-0.050
6,38, 1.619,0.000,0.899, 10.000,0.000,0.000, 1,0,8, TURN_LEFT_45,0.150
6,39, 1.664,0.000,0.924, 10.000,0.000,0.000, 1,7,15, TURN_RIGHT_45,-0.050
6,40, 1.689,0.000,0.963, 10.000,0.000,0.000, 1,6,14, TURN_RIGHT_45,-0.050
6,41, 1.720,0.000,1.003, 10.000,0.000,0.000, 1,7,15, TURN_LEFT_45,0.150
6,42, 1.763,0.000,1.024, 10.000,0.000,0.000, 1,0,8, TURN_LEFT_45,0.150
6,43, 1.804,0.000,1.054, 10.000,0.000,0.000, 1,7,15, TURN_RIGHT_45,-0.050
6,44, 1.851,0.000,1.070, 10.000,0.000,0.000, 1,0,8, TURN_LEFT_45,0.150
6,45, 1.895,0.000,1.096, 10.000,0.000,0.000, 1,7,15, TURN_RIGHT_45,-0.050
6,46, 1.937,0.000,1.129, 10.000,0.000,0.000, 1,7,15, MOVE_BACK,0.000
6,47, 1.985,0.000,1.147, 10.000,0.000,0.000, 1,0,8, TURN_LEFT_45,0.150
6,48, 2.029,0.000,1.174, 10.000,0.000,0.000, 1,7,15, TURN_RIGHT_45,-0.050
6,49, 2.079,0.000,1.189, 10.000,0.000,0.000, 1,0,8, TURN_LEFT_45,0.150
6,50, 2.123,0.000,1.215, 10.000,0.000,0.000, 1,7,15, TURN_RIGHT_45,-0.050
6,51, 2.173,0.000,1.229, 10.000,0.000,0.000, 1,0,8, TURN_LEFT_45,0.150
6,52, 2.218,0.000,1.219, 10.000,0.000,0.000, 1,1,9, TURN_LEFT_45,-0.050
6,53, 2.268,0.000,1.214, 10.000,0.000,0.000, 1,0,8, TURN_RIGHT_45,0.150
6,54, 2.313,0.000,1.229, 10.000,0.000,0.000, 1,7,15, TURN_RIGHT_45,-0.050
6,55, 2.320,0.000,1.255, 10.000,0.000,0.000, 1,5,13, TURN_RIGHT_90,-0.050
6,56, 2.323,0.000,1.294, 10.000,0.000,0.000, 1,6,14, TURN_LEFT_45,0.150
6,57, 2.343,0.000,1.333, 10.000,0.000,0.000, 1,7,15, TURN_LEFT_45,0.150
6,58, 2.379,0.000,1.355, 10.000,0.000,0.000, 1,0,8, TURN_LEFT_45,0.150
6,59, 2.417,0.000,1.349, 10.000,0.000,0.000, 1,1,9, TURN_LEFT_45,-0.050
6,60, 2.469,0.000,1.341, 10.000,0.000,0.000, 1,1,9, STRAFE_RIGHT,0.000
6,61, 2.523,0.000,1.357, 10.000,0.000,0.000, 1,0,8, TURN_RIGHT_45,0.150
6,62, 2.556,0.000,1.397, 10.000,0.000,0.000, 1,7,15, TURN_RIGHT_45,-0.050
6,63, 2.561,0.000,1.432, 10.000,0.000,0.000, 1,7,15, SPRINT,0.000
6,64, 2.563,0.000,1.471, 10.000,0.000,0.000, 1,0,8, TURN_LEFT_45,0.150
6,65, 2.551,0.000,1.506, 10.000,0.000,0.000, 1,7,15, TURN_RIGHT_45,-0.050
6,66, 2.544,0.000,1.545, 10.000,0.000,0.000, 1,0,8, TURN_LEFT_45,0.150
6,67, 2.560,0.000,1.566, 10.000,0.000,0.000, 1,2,10, TURN_LEFT_90,-0.050
6,68, 2.568,0.000,1.597, 10.000,0.000,0.000, 1,0,8, TURN_RIGHT_90,0.150
6,69, 2.559,0.000,1.627, 10.000,0.000,0.000, 1,7,15, TURN_RIGHT_45,-0.050
6,70, 2.554,0.000,1.663, 10.000,0.000,0.000, 1,0,8, TURN_LEFT_45,0.150
6,71, 2.538,0.000,1.697, 10.000,0.000,0.000, 1,7,15, TURN_RIGHT_45,-0.050
6,72, 2.529,0.000,1.735, 10.000,0.000,0.000, 1,0,8, TURN_LEFT_45,0.150
6,73, 2.524,0.000,1.775, 10.000,0.000,0.000, 1,0,8, STRAFE_LEFT,0.000
6,74, 2.508,0.000,1.810, 10.000,0.000,0.000, 1,7,15, TURN_RIGHT_45,-0.050
6,75, 2.499,0.000,1.849, 10.000,0.000,0.000, 1,0,8, TURN_LEFT_45,0.150
6,76, 2.480,0.000,1.884, 10.000,0.000,0.000, 1,7,15, TURN_RIGHT_45,-0.050
6,77, 2.470,0.000,1.922, 10.000,0.000,0.000, 1,0,8, TURN_LEFT_45,0.150
6,78, 2.451,0.000,1.957, 10.000,0.000,0.000, 1,7,15, TURN_RIGHT_45,-0.050
6,79, 2.444,0.000,2.008, 10.000,0.000,0.000, 1,7,15, SPRINT,0.000
6,80, 2.445,0.000,2.067, 10.000,0.000,0.000, 1,7,15, MOVE_BACK,0.000
6,81, 2.470,0.000,2.119, 10.000,0.000,0.000, 1,0,8, TURN_LEFT_45,0.150
6,82, 2.489,0.000,2.179, 10.000,0.000,0.000, 1,7,15, TURN_RIGHT_45,-0.050
6,83, 2.524,0.000,2.231, 10.000,0.000,0.000, 1,0,8, TURN_LEFT_45,0.150
6,84, 2.523,0.000,2.284, 10.000,0.000,0.000, 1,6,14, TURN_RIGHT_90,-0.050
6,85, 2.527,0.000,2.345, 10.000,0.000,0.000, 1,7,15, TURN_LEFT_45,0.150
6,86, 2.555,0.000,2.398, 10.000,0.000,0.000, 1,0,8, TURN_LEFT_45,0.150
6,87, 2.601,0.000,2.423, 10.000,0.000,0.000, 1,1,9, TURN_LEFT_45,-0.050
6,88, 2.652,0.000,2.456, 10.000,0.000,0.000, 1,0,8, TURN_RIGHT_45,0.150
6,89, 2.684,0.000,2.505, 10.000,0.000,0.000, 1,7,15, TURN_RIGHT_45,-0.050
6,90, 2.727,0.000,2.552, 10.000,0.000,0.000, 1,0,8, TURN_LEFT_45,0.150
6,91, 2.754,0.000,2.609, 10.000,0.000,0.000, 1,7,15, TURN_RIGHT_45,-0.050
6,92, 2.794,0.000,2.659, 10.000,0.000,0.000, 1,0,8, TURN_LEFT_45,0.150
6,93, 2.820,0.000,2.718, 10.000,0.000,0.000, 1,7,15, TURN_RIGHT_45,-0.050
6,94, 2.839,0.000,2.782, 10.000,0.000,0.000, 1,7,15, STRAFE_LEFT,0.000
6,95, 2.867,0.000,2.835, 10.000,0.000,0.000, 1,7,15, STRAFE_RIGHT,0.000
6,96, 2.907,0.000,2.864, 10.000,0.000,0.000, 1,0,8, TURN_LEFT_45,0.150
6,97, 2.947,0.000,2.898, 10.000,0.000,0.000, 1,7,15, TURN_RIGHT_45,-0.050
6,98, 2.973,0.000,2.947, 10.000,0.000,0.000, 1,6,14, STRAFE_RIGHT,0.000
6,99, 3.012,0.000,2.994, 10.000,0.000,0.000, 1,7,15, TURN_LEFT_45,0.150
6,100, 3.059,0.000,3.020, 10.000,0.000,0.000, 1,7,15, STRAFE_RIGHT,0.000
6,101, 3.103,0.000,3.016, 10.000,0.000,0.000, 1,0,8, TURN_LEFT_45,0.150
6,102, 3.152,0.000,3.014, 10.000,0.000,0.000, 1,7,15, TURN_RIGHT_45,-0.050
6,103, 3.203,0.000,3.032, 10.000,0.000,0.000, 1,7,15, STRAFE_RIGHT,0.000
6,104, 3.263,0.000,3.038, 10.000,0.000,0.000, 1,0,8, TURN_LEFT_45,0.150
6,105, 3.328,0.000,3.037, 10.000,0.000,0.000, 1,0,8, MOVE_BACK,0.000
6,106, 3.388,0.000,3.056, 10.000,0.000,0.000, 1,7,15, TURN_RIGHT_45,-0.050
6,107, 3.453,0.000,3.062, 10.000,0.000,0.000, 1,0,8, TURN_LEFT_45,0.150
6,108, 3.513,0.000,3.085, 10.000,0.000,0.000, 1,7,15, TURN_RIGHT_45,-0.050
6,109, 3.578,0.000,3.093, 10.000,0.000,0.000, 1,0,8, TURN_LEFT_45,0.150
6,110, 3.639,0.000,3.117, 10.000,0.000,0.000, 1,7,15, TURN_RIGHT_45,-0.050
6,111, 3.703,0.000,3.126, 10.000,0.000,0.000, 1,0,8, TURN_LEFT_45,0.150
6,112, 3.764,0.000,3.150, 10.000,0.000,0.000, 1,7,15, TURN_RIGHT_45,-0.050
6,113, 3.828,0.000,3.159, 10.000,0.000,0.000, 1,0,8, TURN_LEFT_45,0.150
6,114, 3.889,0.000,3.184, 10.000,0.000,0.000, 1,7,15, TURN_RIGHT_45,-0.050
6,115, 3.954,0.000,3.193, 10.000,0.000,0.000, 1,0,8, TURN_LEFT_45,0.150
6,116, 4.014,0.000,3.218, 10.000,0.000,0.000, 1,7,15, TURN_RIGHT_45,-0.050
6,117, 4.079,0.000,3.227, 10.000,0.000,0.000, 1,0,8, TURN_LEFT_45,0.150
6,118, 4.146,0.000,3.228, 10.000,0.000,0.000, 1,0,8, STRAFE_LEFT,0.000
6,119, 4.208,0.000,3.248, 10.000,0.000,0.000, 1,7,15, TURN_RIGHT_45,-0.050
6,120, 4.273,0.000,3.254, 10.000,0.000,0.000, 1,0,8, TURN_LEFT_45,0.150
6,121, 4.334,0.000,3.278, 10.000,0.000,0.000, 1,7,15, TURN_RIGHT_45,-0.050
6,122, 4.392,0.420,3.310, 10.000,0.000,0.000, 1,7,15, JUMP,-0.020
6,123, 4.477,0.753,3.335, 10.000,0.000,0.000, 1,0,8, TURN_LEFT_45,0.150
6,124, 4.580,1.001,3.377, 10.000,0.000,0.000, 1,7,15, TURN_RIGHT_45,-0.050
6,125, 4.705,1.166,3.411, 10.000,0.000,0.000, 1,0,8, TURN_LEFT_45,0.150
6,126, 4.843,1.249,3.462, 10.000,0.000,0.000, 1,7,15, TURN_RIGHT_45,-0.050
6,127, 5.001,1.252,3.504, 10.000,0.000,0.000, 1,0,8, TURN_LEFT_45,0.150
6,128, 5.170,1.177,3.561, 10.000,0.000,0.000, 1,7,15, TURN_RIGHT_45,-0.050
6,129, 5.356,1.024,3.610, 10.000,0.000,0.000, 1,0,8, TURN_LEFT_45,0.150
6,130, 5.550,0.797,3.673, 10.000,0.000,0.000, 1,7,15, TURN_RIGHT_45,-0.050
6,131, 5.758,0.495,3.727, 10.000,0.000,0.000, 1,0,8, TURN_LEFT_45,0.150
6,132, 5.973,0.121,3.795, 10.000,0.000,0.000, 1,7,15, TURN_RIGHT_45,-0.050
6,133, 6.200,0.000,3.853, 10.000,0.000,0.000, 1,0,8, TURN_LEFT_45,0.150
6,134, 6.349,0.000,3.904, 10.000,0.000,0.000, 1,7,15, TURN_RIGHT_45,-0.050
6,135, 6.462,0.000,3.928, 10.000,0.000,0.000, 1,0,8, TURN_LEFT_45,0.150
6,136, 6.549,0.000,3.960, 10.000,0.000,0.000, 1,7,15, TURN_RIGHT_45,-0.050
6,137, 6.628,0.000,3.974, 10.000,0.000,0.000, 1,0,8, TURN_LEFT_45,0.150
6,138, 6.696,0.000,4.000, 10.000,0.000,0.000, 1,7,15, TURN_RIGHT_45,-0.050
6,139, 6.765,0.000,4.011, 10.000,0.000,0.000, 1,0,8, TURN_LEFT_45,0.150
6,140, 6.828,0.000,4.036, 10.000,0.000,0.000, 1,7,15, TURN_RIGHT_45,-0.050
6,141, 6.894,0.000,4.046, 10.000,0.000,0.000, 1,0,8, TURN_LEFT_45,0.150
6,142, 6.955,0.000,4.070, 10.000,0.000,0.000, 1,7,15, TURN_RIGHT_45,-0.050
6,143, 7.020,0.000,4.080, 10.000,0.000,0.000, 1,0,8, TURN_LEFT_45,0.150
6,144, 7.081,0.000,4.104, 10.000,0.000,0.000, 1,7,15, TURN_RIGHT_45,-0.050
6,145, 7.146,0.000,4.114, 10.000,0.000,0.000, 1,0,8, TURN_LEFT_45,0.150
6,146, 7.207,0.000,4.138, 10.000,0.000,0.000, 0,7,7, TURN_RIGHT_45,0.250
6,147, 7.265,0.000,4.171, 10.000,0.000,0.000, 0,7,7, ATTACK,1.500
6,148, 7.322,0.000,4.208, 10.000,0.000,0.000, 0,7,7, ATTACK,1.500
6,149, 7.379,0.000,4.248, 10.000,0.000,0.000, 0,7,7, ATTACK,1.500
6,150, 7.435,0.000,4.289, 10.000,0.000,0.000, 0,7,7, ATTACK,1.500
6,151, 7.491,0.000,4.331, 10.000,0.000,0.000, 1,7,15, MOVE_FORWARD,0.000
6,152, 7.553,0.000,4.350, 10.000,0.000,0.000, 0,0,0, TURN_LEFT_45,0.450
6,153, 7.600,0.000,4.374, 10.000,0.000,0.000, 0,0,0, SPRINT,0.000
6,154, 7.640,0.000,4.401, 10.000,0.000,0.000, 0,0,0, ATTACK,1.500
6,155, 7.676,0.000,4.429, 10.000,0.000,0.000, 1,0,8, ATTACK,1.500
6,156, 7.695,0.000,4.464, 10.000,0.000,0.000, 1,7,15, TURN_RIGHT_45,-0.050
6,157, 7.719,0.000,4.497, 10.000,0.000,0.000, 1,0,8, TURN_LEFT_45,0.150
6,158, 7.746,0.000,4.528, 10.000,0.000,0.000, 1,0,8, ATTACK,-0.500
6,159, 7.761,0.000,4.565, 10.000,0.000,0.000, 1,7,15, TURN_RIGHT_45,-0.050
6,160, 7.783,0.000,4.599, 10.000,0.000,0.000, 1,0,8, TURN_LEFT_45,0.150
6,161, 7.795,0.000,4.637, 10.000,0.000,0.000, 1,7,15, TURN_RIGHT_45,-0.050
6,162, 7.815,0.000,4.671, 10.000,0.000,0.000, 1,0,8, TURN_LEFT_45,0.150
6,163, 7.826,0.000,4.709, 10.000,0.000,0.000, 1,7,15, TURN_RIGHT_45,-0.050
6,164, 7.846,0.000,4.744, 10.000,0.000,0.000, 1,0,8, TURN_LEFT_45,0.150
6,165, 7.856,0.000,4.782, 10.000,0.000,0.000, 1,7,15, TURN_RIGHT_45,-0.050
6,166, 7.876,0.000,4.817, 10.000,0.000,0.000, 1,0,8, TURN_LEFT_45,0.150
6,167, 7.918,0.000,4.832, 10.000,0.000,0.000, 1,0,8, SPRINT,0.000
6,168, 7.967,0.000,4.859, 10.000,0.000,0.000, 1,7,15, TURN_RIGHT_45,-0.050
6,169, 8.025,0.000,4.870, 10.000,0.000,0.000, 1,7,15, TURN_LEFT_45,-0.050
6,170, 8.076,0.000,4.851, 10.000,0.000,0.000, 1,0,8, TURN_LEFT_45,0.150
6,171, 8.135,0.000,4.836, 10.000,0.000,0.000, 1,7,15, TURN_RIGHT_45,-0.050
6,172, 8.199,0.000,4.824, 10.000,0.000,0.000, 1,7,15, MOVE_BACK,0.000
6,173, 8.254,0.000,4.792, 10.000,0.000,0.000, 1,0,8, TURN_LEFT_45,0.150
6,174, 8.315,0.000,4.771, 10.000,0.000,0.000, 1,7,15, TURN_RIGHT_45,-0.050
6,175, 8.368,0.000,4.734, 10.000,0.000,0.000, 1,0,8, TURN_LEFT_45,0.150
6,176, 8.416,0.000,4.714, 10.000,0.000,0.000, 0,0,0, SPRINT,0.300
6,177, 8.462,0.000,4.703, 10.000,0.000,0.000, 0,0,0, ATTACK,1.500
6,178, 8.507,0.000,4.697, 10.000,0.000,0.000, 0,0,0, ATTACK,1.500
6,179, 8.550,0.000,4.693, 10.000,0.000,0.000, 0,0,0, ATTACK,1.500
6,180, 8.594,0.000,4.691, 10.000,0.000,0.000, 0,0,0, ATTACK,1.500
6,181, 8.637,0.000,4.690, 10.000,0.000,0.000, 0,0,0, ATTACK,1.500
6,182, 8.680,0.000,4.670, 10.000,0.000,0.000, 0,0,0, MOVE_FORWARD,0.000
6,183, 8.723,0.000,4.640, 10.000,0.000,0.000, 0,0,0, ATTACK,1.500
6,184, 8.765,0.000,4.604, 10.000,0.000,0.000, 0,0,0, ATTACK,1.500
6,185, 8.808,0.000,4.565, 10.000,0.000,0.000, 0,0,0, ATTACK,1.500
6,186, 8.851,0.000,4.524, 10.000,0.000,0.000, 0,0,0, MOVE_BACK,0.000
6,187, 8.894,0.000,4.483, 10.000,0.000,0.000, 0,0,0, ATTACK,1.500
6,188, 8.937,0.000,4.440, 10.000,0.000,0.000, 0,0,0, ATTACK,1.500
6,189, 8.979,0.000,4.398, 10.000,0.000,0.000, 0,0,0, ATTACK,1.500
6,190, 9.022,0.000,4.355, 10.000,0.000,0.000, 0,0,0, ATTACK,1.500
6,191, 9.065,0.000,4.313, 10.000,0.000,0.000, 0,0,0, STRAFE_LEFT,0.000
6,192, 9.088,0.000,4.270, 10.000,0.000,0.000, 0,0,0, STRAFE_RIGHT,0.000
6,193, 9.101,0.000,4.227, 10.000,0.000,0.000, 0,0,0, ATTACK,1.500
6,194, 9.108,0.000,4.184, 10.000,0.000,0.000, 0,0,0, ATTACK,1.500
6,195, 9.112,0.000,4.142, 10.000,0.000,0.000, 0,0,0, ATTACK,1.500
6,196, 9.114,0.000,4.099, 10.000,0.000,0.000, 0,0,0, ATTACK,1.500
6,197, 9.115,0.000,4.056, 10.000,0.000,0.000, 0,0,0, ATTACK,1.500
6,198, 9.116,0.000,4.013, 10.000,0.000,0.000, 0,0,0, ATTACK,1.500
6,199, 9.116,0.000,3.970, 10.000,0.000,0.000, 0,0,0, ATTACK,1.500
6,200, 9.116,0.000,3.928, 10.000,0.000,0.000, 0,0,0, ATTACK,1.500
6,201, 9.116,0.000,3.885, 10.000,0.000,0.000, 0,0,0, ATTACK,1.500
6,202, 9.116,0.000,3.842, 10.000,0.000,0.000, 0,0,0, ATTACK,1.500
6,203, 9.116,0.000,3.799, 10.000,0.000,0.000, 0,0,0, ATTACK,1.500
6,204, 9.117,0.000,3.756, 10.000,0.000,0.000, 0,0,0, ATTACK,1.500
6,205, 9.136,0.000,3.714, 10.000,0.000,0.000, 0,0,0, STRAFE_RIGHT,0.000
6,206, 9.166,0.000,3.671, 10.000,0.000,0.000, 0,0,0, ATTACK,1.500
6,207, 9.202,0.000,3.628, 10.000,0.000,0.000, 0,0,0, ATTACK,1.500
6,208, 9.241,0.000,3.585, 10.000,0.000,0.000, 0,0,0, ATTACK,1.500
6,209, 9.282,0.000,3.542, 10.000,0.000,0.000, 0,0,0, ATTACK,1.500
6,210, 9.323,0.000,3.500, 10.000,0.000,0.000, 0,0,0, ATTACK,1.500
6,211, 9.365,0.000,3.457, 10.000,0.000,0.000, 0,0,0, ATTACK,1.500
6,212, 9.408,0.000,3.414, 10.000,0.000,0.000, 0,0,0, ATTACK,1.500
6,213, 9.450,0.000,3.371, 10.000,0.000,0.000, 0,0,0, ATTACK,1.500
6,214, 9.493,0.000,3.328, 10.000,0.000,0.000, 0,0,0, ATTACK,1.500
6,215, 9.536,0.000,3.286, 10.000,0.000,0.000, 0,0,0, ATTACK,1.500
6,216, 9.579,0.000,3.243, 10.000,0.000,0.000, 0,0,0, ATTACK,1.500
6,217, 9.621,0.000,3.200, 10.000,0.000,0.000, 0,0,0, ATTACK,1.500
6,218, 9.645,0.000,3.157, 10.000,0.000,0.000, 0,0,0, STRAFE_RIGHT,0.000
6,219, 9.638,0.000,3.114, 10.000,0.000,0.000, 0,0,0, STRAFE_LEFT,0.000
6,220, 9.615,0.000,3.072, 10.000,0.000,0.000, 0,0,0, ATTACK,1.500
6,221, 9.583,0.000,3.029, 10.000,0.000,0.000, 0,0,0, ATTACK,1.500
6,222, 9.546,0.000,2.986, 10.000,0.000,0.000, 0,0,0, ATTACK,1.500
6,223, 9.507,0.000,2.943, 10.000,0.000,0.000, 0,0,0, ATTACK,1.500
6,224, 9.465,0.000,2.939, 10.000,0.000,0.000, 0,2,2, TURN_LEFT_90,-0.050
6,225, 9.416,0.000,2.937, 10.000,0.000,0.000, 0,1,1, TURN_RIGHT_45,0.150
6,226, 9.369,0.000,2.917, 10.000,0.000,0.000, 0,0,0, TURN_RIGHT_45,0.150
6,227, 9.324,0.000,2.886, 10.000,0.000,0.000, 0,0,0, ATTACK,1.500
6,228, 9.280,0.000,2.850, 10.000,0.000,0.000, 0,0,0, ATTACK,1.500
6,229, 9.237,0.000,2.785, 10.000,0.000,0.000, 0,0,0, SPRINT,0.000
6,230, 9.193,0.000,2.705, 10.238,0.400,-0.868, 0,0,0, ATTACK,2.500
6,231, 9.150,0.000,2.617, 10.454,0.792,-1.658, 0,0,0, ATTACK,1.500
6,232, 9.108,0.000,2.524, 10.651,1.098,-2.377, 1,0,8, ATTACK,1.500
6,233, 9.102,0.000,2.428, 10.831,1.319,-3.031, 1,7,15, TURN_RIGHT_45,-0.050
6,234, 9.080,0.000,2.331, 10.994,1.457,-3.626, 1,0,8, TURN_LEFT_45,0.150
6,235, 9.085,0.000,2.233, 11.142,1.515,-4.168, 1,7,15, TURN_RIGHT_45,-0.050
6,236, 9.069,0.000,2.134, 11.277,1.492,-4.661, 1,0,8, TURN_LEFT_45,0.150
6,237, 9.078,0.000,2.035, 11.400,1.392,-5.109, 1,7,15, TURN_RIGHT_45,-0.050
6,238, 9.063,0.000,1.936, 11.512,1.215,-5.517, 1,0,8, TURN_LEFT_45,0.150
6,239, 9.073,0.000,1.837, 11.614,0.964,-5.889, 1,7,15, TURN_RIGHT_45,-0.050
6,240, 9.059,0.000,1.738, 11.707,0.639,-6.227, 1,0,8, TURN_LEFT_45,0.150
6,241, 9.069,0.000,1.639, 11.791,0.242,-6.534, 1,7,15, TURN_RIGHT_45,-0.050
6,242, 9.055,0.000,1.540, 11.868,0.000,-6.814, 1,0,8, TURN_LEFT_45,0.150
6,243, 9.066,0.000,1.441, 11.910,0.000,-6.967, 1,7,15, TURN_RIGHT_45,-0.050
6,244, 9.052,0.000,1.342, 11.932,0.000,-7.050, 1,0,8, TURN_LEFT_45,0.150
6,245, 9.025,0.420,1.243, 11.945,0.000,-7.096, 1,0,8, JUMP,-0.020
6,246, 8.981,0.753,1.108, 11.952,0.000,-7.121, 1,0,8, ATTACK,-0.500
6,247, 8.959,1.001,0.941, 11.955,0.000,-7.134, 1,7,15, TURN_RIGHT_45,-0.050
6,248, 8.919,1.166,0.743, 11.957,0.000,-7.142, 1,0,8, TURN_LEFT_45,0.150
6,249, 8.864,1.249,0.519, 11.959,0.000,-7.146, 1,0,8, MOVE_BACK,0.000
6,250, 8.831,1.252,0.270, 11.959,0.000,-7.148, 1,0,8, TURN_RIGHT_45,-0.050
6,251, 8.846,1.177,0.023, 11.959,0.000,-7.149, 1,7,15, TURN_RIGHT_45,-0.050
6,252, 8.904,1.024,-0.220, 11.960,0.000,-7.150, 1,7,15, STRAFE_RIGHT,0.000
6,253, 8.977,0.797,-0.462, 11.960,0.000,-7.150, 1,7,15, SPRINT,0.000
6,254, 9.043,0.495,-0.708, 11.960,0.000,-7.151, 1,0,8, TURN_LEFT_45,0.150
6,255, 9.123,0.121,-0.953, 11.960,0.000,-7.151, 1,7,15, TURN_RIGHT_45,-0.050
6,256, 9.175,0.000,-1.194, 11.960,0.000,-7.151, 1,1,9, TURN_LEFT_90,-0.050
6,257, 9.204,0.000,-1.354, 11.960,0.000,-7.151, 1,0,8, TURN_RIGHT_45,0.150
6,258, 9.240,0.000,-1.460, 11.960,0.000,-7.151, 1,7,15, TURN_RIGHT_45,-0.050
6,259, 9.259,0.000,-1.546, 11.960,0.000,-7.151, 1,0,8, TURN_LEFT_45,0.150
6,260, 9.289,0.000,-1.612, 11.960,0.000,-7.151, 1,7,15, TURN_RIGHT_45,-0.050
6,261, 9.305,0.000,-1.675, 11.960,0.000,-7.151, 1,0,8, TURN_LEFT_45,0.150
6,262, 9.333,0.000,-1.730, 11.960,0.000,-7.151, 1,7,15, TURN_RIGHT_45,-0.050
6,263, 9.349,0.000,-1.787, 11.960,0.000,-7.151, 1,0,8, TURN_LEFT_45,0.150
6,264, 9.377,0.000,-1.837, 11.960,0.000,-7.151, 1,7,15, TURN_RIGHT_45,-0.050
6,265, 9.411,0.000,-1.884, 11.960,0.000,-7.151, 1,7,15, ATTACK,-0.500
6,266, 9.430,0.000,-1.937, 11.960,0.000,-7.151, 1,0,8, TURN_LEFT_45,0.150
6,267, 9.460,0.000,-1.986, 11.960,0.000,-7.151, 1,7,15, TURN_RIGHT_45,-0.050
6,268, 9.496,0.000,-2.032, 11.960,0.000,-7.151, 1,7,15, ATTACK,-0.500
6,269, 9.515,0.000,-2.084, 11.960,0.000,-7.151, 1,0,8, TURN_LEFT_45,0.150
6,270, 9.545,0.000,-2.132, 11.960,0.000,-7.151, 1,7,15, TURN_RIGHT_45,-0.050
6,271, 9.606,0.000,-2.178, 11.960,0.000,-7.151, 1,7,15, SPRINT,0.000
6,272, 9.658,0.000,-2.248, 11.960,0.000,-7.151, 1,0,8, TURN_LEFT_45,0.150
6,273, 9.640,0.000,-2.305, 11.960,0.000,-7.151, 1,2,10, TURN_LEFT_90,-0.050
6,274, 9.649,0.000,-2.381, 11.960,0.000,-7.151, 1,0,8, TURN_RIGHT_90,0.150
6,275, 9.698,0.000,-2.442, 11.960,0.000,-7.151, 1,7,15, TURN_RIGHT_45,-0.050
6,276, 9.743,0.000,-2.520, 11.960,0.000,-7.151, 1,0,8, TURN_LEFT_45,0.150
6,277, 9.812,0.000,-2.583, 11.960,0.000,-7.151, 1,7,15, TURN_RIGHT_45,-0.050
6,278, 9.867,0.000,-2.662, 11.960,0.000,-7.151, 0,0,0, TURN_LEFT_45,0.450
6,279, 9.916,0.000,-2.751, 11.960,0.000,-7.151, 0,0,0, ATTACK,1.500
6,280, 9.960,0.000,-2.844, 11.960,0.000,-7.151, 0,0,0, ATTACK,1.500
6,281, 10.002,0.000,-2.941, 11.960,0.000,-7.151, 0,0,0, ATTACK,1.500
6,282, 10.043,0.000,-3.039, 11.960,0.000,-7.151, 0,0,0, ATTACK,1.500
6,283, 10.083,0.000,-3.138, 11.960,0.000,-7.151, 0,0,0, ATTACK,1.500
6,284, 10.122,0.000,-3.237, 11.960,0.000,-7.151, 0,0,0, ATTACK,1.500
6,285, 10.162,0.000,-3.337, 11.960,0.000,-7.151, 0,0,0, ATTACK,1.500
6,286, 10.202,0.000,-3.437, 11.960,0.000,-7.151, 0,0,0, ATTACK,1.500
6,287, 10.241,0.000,-3.536, 11.960,0.000,-7.151, 0,0,0, ATTACK,1.500
6,288, 10.280,0.000,-3.636, 11.960,0.000,-7.151, 0,0,0, ATTACK,1.500
6,289, 10.320,0.000,-3.736, 11.960,0.000,-7.151, 0,0,0, ATTACK,1.500
6,290, 10.359,0.000,-3.836, 11.960,0.000,-7.151, 0,0,0, ATTACK,1.500
6,291, 10.398,0.000,-3.936, 11.960,0.000,-7.151, 0,0,0, ATTACK,1.500
6,292, 10.438,0.000,-4.036, 11.960,0.000,-7.151, 0,0,0, ATTACK,1.500
6,293, 10.459,0.000,-4.118, 11.960,0.000,-7.151, 0,0,0, SPRINT,0.000
6,294, 10.457,0.000,-4.176, 11.960,0.000,-7.151, 0,0,0, MOVE_FORWARD,0.000
6,295, 10.442,0.000,-4.222, 11.960,0.000,-7.151, 0,0,0, ATTACK,1.500
6,296, 10.421,0.000,-4.260, 11.960,0.000,-7.151, 0,0,0, ATTACK,1.500
6,297, 10.395,0.000,-4.295, 11.960,0.000,-7.151, 0,0,0, ATTACK,1.500
6,298, 10.367,0.000,-4.328, 11.960,0.000,-7.151, 0,0,0, ATTACK,1.500
6,299, 10.338,0.000,-4.360, 11.960,0.000,-7.151, 0,0,0, ATTACK,1.500
7,0, 0.025,0.000,0.000, 10.000,0.000,0.000, 1,0,8, SPRINT,0.300
7,1, 0.057,0.000,0.018, 10.000,0.000,0.000, 1,7,15, TURN_RIGHT_45,-0.050
7,2, 0.099,0.000,0.028, 10.000,0.000,0.000, 1,0,8, TURN_LEFT_45,0.150
7,3, 0.141,0.000,0.051, 10.000,0.000,0.000, 1,7,15, TURN_RIGHT_45,-0.050
7,4, 0.188,0.000,0.063, 10.000,0.000,0.000, 1,0,8, TURN_LEFT_45,0.150
7,5, 0.232,0.000,0.088, 10.000,0.000,0.000, 1,7,15, TURN_RIGHT_45,-0.050
7,6, 0.288,0.000,0.106, 10.000,0.000,0.000, 1,7,15, STRAFE_LEFT,0.000
7,7, 0.343,0.000,0.096, 10.000,0.000,0.000, 1,0,8, TURN_LEFT_45,0.150
7,8, 0.399,0.000,0.071, 10.000,0.000,0.000, 1,0,8, MOVE_BACK,0.000
7,9, 0.461,0.000,0.062, 10.000,0.000,0.000, 1,7,15, TURN_RIGHT_45,-0.050
7,10, 0.520,0.000,0.037, 10.000,0.000,0.000, 1,0,8, TURN_LEFT_45,0.150
7,11, 0.584,0.000,0.028, 10.000,0.000,0.000, 1,7,15, TURN_RIGHT_45,-0.050
7,12, 0.644,0.000,0.004, 10.000,0.000,0.000, 1,0,8, TURN_LEFT_45,0.150
7,13, 0.708,0.000,-0.006, 10.000,0.000,0.000, 1,7,15, TURN_RIGHT_45,-0.050
7,14, 0.769,0.000,-0.030, 10.000,0.000,0.000, 1,0,8, TURN_LEFT_45,0.150
7,15, 0.833,0.000,-0.039, 10.000,0.000,0.000, 1,7,15, TURN_RIGHT_45,-0.050
7,16, 0.894,0.000,-0.064, 10.000,0.000,0.000, 1,0,8, TURN_LEFT_45,0.150
7,17, 0.959,0.000,-0.073, 10.000,0.000,0.000, 1,7,15, TURN_RIGHT_45,-0.050
7,18, 1.019,0.000,-0.098, 10.000,0.000,0.000, 1,0,8, TURN_LEFT_45,0.150
7,19, 1.078,0.000,-0.111, 10.000,0.000,0.000, 1,0,8, STRAFE_LEFT,0.000
7,20, 1.127,0.000,-0.100, 10.000,0.000,0.000, 1,7,15, TURN_RIGHT_45,-0.050
7,21, 1.180,0.000,-0.095, 10.000,0.000,0.000, 1,0,8, TURN_LEFT_45,0.150
7,22, 1.226,0.000,-0.074, 10.000,0.000,0.000, 1,7,15, TURN_RIGHT_45,-0.050
7,23, 1.277,0.000,-0.062, 10.000,0.000,0.000, 1,0,8, TURN_LEFT_45,0.150
7,24, 1.322,0.000,-0.038, 10.000,0.000,0.000, 1,7,15, TURN_RIGHT_45,-0.050
7,25, 1.372,0.000,-0.025, 10.000,0.000,0.000, 1,0,8, TURN_LEFT_45,0.150
7,26, 1.425,0.420,-0.018, 10.000,0.000,0.000, 1,0,8, JUMP,-0.020
7,27, 1.491,0.753,0.007, 10.000,0.000,0.000, 1,7,15, TURN_RIGHT_45,-0.050
7,28, 1.582,1.001,0.033, 10.000,0.000,0.000, 1,7,15, STRAFE_LEFT,0.000
7,29, 1.691,1.166,0.038, 10.000,0.000,0.000, 1,0,8, TURN_LEFT_45,0.150
7,30, 1.821,1.249,0.046, 10.000,0.000,0.000, 1,7,15, TURN_RIGHT_45,-0.050
7,31, 1.971,1.252,0.057, 10.000,0.000,0.000, 1,7,15, ATTACK,-0.500
7,32, 2.139,1.177,0.072, 10.000,0.000,0.000, 1,7,15, STRAFE_RIGHT,0.000
7,33, 2.318,1.024,0.066, 10.000,0.000,0.000, 1,0,8, TURN_LEFT_45,0.150
7,34, 2.461,0.797,0.035, 10.000,0.000,0.000, 1,2,10, TURN_LEFT_90,-0.050
7,35, 2.616,0.495,-0.012, 10.000,0.000,0.000, 1,0,8, TURN_RIGHT_90,0.150
7,36, 2.782,0.121,-0.075, 10.000,0.000,0.000, 1,0,8, ATTACK,-0.500
7,37, 2.966,0.000,-0.128, 10.000,0.000,0.000, 1,7,15, TURN_RIGHT_45,-0.050
7,38, 3.091,0.000,-0.176, 10.000,0.000,0.000, 1,0,8, TURN_LEFT_45,0.150
7,39, 3.191,0.000,-0.198, 10.000,0.000,0.000, 1,7,15, TURN_RIGHT_45,-0.050
7,40, 3.271,0.000,-0.230, 10.000,0.000,0.000, 1,0,8, TURN_LEFT_45,0.150
7,41, 3.346,0.000,-0.243, 10.000,0.000,0.000, 1,7,15, TURN_RIGHT_45,-0.050
7,42, 3.412,0.000,-0.269, 10.000,0.000,0.000, 1,0,8, TURN_LEFT_45,0.150
7,43, 3.480,0.000,-0.280, 10.000,0.000,0.000, 1,7,15, TURN_RIGHT_45,-0.050
7,44, 3.542,0.000,-0.305, 10.000,0.000,0.000, 1,0,8, TURN_LEFT_45,0.150
7,45, 3.608,0.000,-0.314, 10.000,0.000,0.000, 1,7,15, TURN_RIGHT_45,-0.050
7,46, 3.669,0.000,-0.339, 10.000,0.000,0.000, 1,0,8, TURN_LEFT_45,0.150
7,47, 3.734,0.000,-0.348, 10.000,0.000,0.000, 1,7,15, TURN_RIGHT_45,-0.050
7,48, 3.765,0.000,-0.322, 10.000,0.000,0.000, 1,5,13, TURN_RIGHT_90,-0.050
7,49, 3.751,0.000,-0.312, 10.000,0.000,0.000, 1,3,11, TURN_RIGHT_90,-0.050
7,50, 3.747,0.000,-0.338, 10.000,0.000,0.000, 1,1,9, TURN_RIGHT_90,0.150
7,51, 3.770,0.000,-0.371, 10.000,0.000,0.000, 1,0,8, TURN_RIGHT_45,0.150
7,52, 3.808,0.000,-0.409, 10.000,0.000,0.000, 1,0,8, MOVE_BACK,0.000
7,53, 3.860,0.000,-0.425, 10.000,0.000,0.000, 1,7,15, TURN_RIGHT_45,-0.050
7,54, 3.914,0.000,-0.454, 10.000,0.000,0.000, 1,0,8, TURN_LEFT_45,0.150
7,55, 3.975,0.000,-0.465, 10.000,0.000,0.000, 1,7,15, TURN_RIGHT_45,-0.050
7,56, 4.034,0.000,-0.491, 10.000,0.000,0.000, 1,0,8, TURN_LEFT_45,0.150
7,57, 4.097,0.000,-0.501, 10.000,0.000,0.000, 1,7,15, TURN_RIGHT_45,-0.050
7,58, 4.157,0.000,-0.526, 10.000,0.000,0.000, 1,0,8, TURN_LEFT_45,0.150
7,59, 4.215,0.000,-0.539, 10.000,0.000,0.000, 1,0,8, STRAFE_LEFT,0.000
7,60, 4.265,0.000,-0.529, 10.000,0.000,0.000, 1,7,15, TURN_RIGHT_45,-0.050
7,61, 4.317,0.000,-0.523, 10.000,0.000,0.000, 1,0,8, TURN_LEFT_45,0.150
7,62, 4.364,0.000,-0.502, 10.000,0.000,0.000, 1,7,15, TURN_RIGHT_45,-0.050
7,63, 4.414,0.000,-0.491, 10.000,0.000,0.000, 1,0,8, TURN_LEFT_45,0.150
7,64, 4.460,0.000,-0.466, 10.000,0.000,0.000, 1,7,15, TURN_RIGHT_45,-0.050
7,65, 4.510,0.000,-0.453, 10.000,0.000,0.000, 1,0,8, TURN_LEFT_45,0.150
7,66, 4.555,0.000,-0.428, 10.000,0.000,0.000, 1,7,15, TURN_RIGHT_45,-0.050
7,67, 4.605,0.000,-0.415, 10.000,0.000,0.000, 1,0,8, TURN_LEFT_45,0.150
7,68, 4.650,0.000,-0.389, 10.000,0.000,0.000, 1,7,15, TURN_RIGHT_45,-0.050
7,69, 4.700,0.000,-0.375, 10.000,0.000,0.000, 1,0,8, TURN_LEFT_45,0.150
7,70, 4.745,0.000,-0.350, 10.000,0.000,0.000, 1,7,15, TURN_RIGHT_45,-0.050
7,71, 4.788,0.420,-0.318, 10.000,0.000,0.000, 1,7,15, JUMP,-0.020
7,72, 4.851,0.753,-0.289, 10.000,0.000,0.000, 1,0,8, TURN_LEFT_45,0.150
7,73, 4.928,1.001,-0.245, 10.000,0.000,0.000, 1,7,15, TURN_RIGHT_45,-0.050
7,74, 5.022,1.166,-0.205, 10.000,0.000,0.000, 0,0,0, TURN_LEFT_45,0.450
7,75, 5.133,1.249,-0.169, 10.000,0.000,0.000, 0,0,0, ATTACK,1.500
7,76, 5.260,1.252,-0.135, 10.000,0.000,0.000, 0,0,0, ATTACK,1.500
7,77, 5.400,1.177,-0.105, 10.000,0.000,0.000, 0,0,0, ATTACK,1.500
7,78, 5.528,1.024,-0.103, 10.000,0.000,0.000, 0,2,2, TURN_LEFT_90,-0.050
7,79, 5.644,0.797,-0.126, 10.000,0.000,0.000, 0,2,2, ATTACK,-0.500
7,80, 5.767,0.495,-0.165, 10.000,0.000,0.000, 0,1,1, TURN_RIGHT_45,0.150
7,81, 5.880,0.121,-0.200, 10.000,0.000,0.000, 0,1,1, SPRINT,0.000
7,82, 5.982,0.000,-0.233, 10.000,0.000,0.000, 0,0,0, TURN_RIGHT_45,0.150
7,83, 6.038,0.000,-0.250, 10.000,0.000,0.000, 0,0,0, ATTACK,1.500
7,84, 6.069,0.000,-0.240, 10.000,0.000,0.000, 0,0,0, STRAFE_RIGHT,0.000
7,85, 6.085,0.000,-0.216, 10.000,0.000,0.000, 0,0,0, ATTACK,1.500
7,86, 6.094,0.000,-0.183, 10.000,0.000,0.000, 0,0,0, ATTACK,1.500
7,87, 6.099,0.000,-0.145, 10.000,0.000,0.000, 0,0,0, ATTACK,1.500
7,88, 6.102,0.000,-0.105, 10.000,0.000,0.000, 0,0,0, ATTACK,1.500
7,89, 6.104,0.000,-0.064, 10.000,0.000,0.000, 0,0,0, ATTACK,1.500
7,90, 6.104,0.000,-0.022, 10.000,0.000,0.000, 0,0,0, ATTACK,1.500
7,91, 6.105,0.000,0.020, 10.000,0.000,0.000, 0,0,0, ATTACK,1.500
7,92, 6.105,0.000,0.063, 10.000,0.000,0.000, 0,0,0, ATTACK,1.500
7,93, 6.105,0.000,0.105, 10.000,0.000,0.000, 0,0,0, ATTACK,1.500
7,94, 6.105,0.000,0.148, 10.000,0.000,0.000, 0,0,0, ATTACK,1.500
7,95, 6.105,0.000,0.191, 10.000,0.000,0.000, 0,0,0, ATTACK,1.500
7,96, 6.105,0.000,0.234, 10.000,0.000,0.000, 0,0,0, ATTACK,1.500
7,97, 6.105,0.000,0.276, 10.000,0.000,0.000, 0,0,0, ATTACK,1.500
7,98, 6.092,0.000,0.313, 10.000,0.000,0.000, 0,7,7, TURN_RIGHT_45,-0.050
7,99, 6.070,0.000,0.347, 10.000,0.000,0.000, 0,7,7, ATTACK,1.500
7,100, 6.045,0.000,0.380, 10.000,0.000,0.000, 0,7,7, ATTACK,1.500
7,101, 6.018,0.000,0.411, 10.000,0.000,0.000, 0,7,7, ATTACK,1.500
7,102, 5.989,0.000,0.442, 10.000,0.000,0.000, 0,7,7, ATTACK,1.500
7,103, 5.959,0.000,0.473, 10.000,0.000,0.000, 0,7,7, ATTACK,1.500
7,104, 5.929,0.000,0.503, 10.000,0.000,0.000, 0,7,7, ATTACK,1.500
7,105, 5.899,0.000,0.533, 10.000,0.000,0.000, 0,7,7, ATTACK,1.500
7,106, 5.869,0.000,0.564, 10.000,0.000,0.000, 0,7,7, ATTACK,1.500
7,107, 5.839,0.000,0.594, 10.000,0.000,0.000, 0,7,7, ATTACK,1.500
7,108, 5.809,0.000,0.624, 10.000,0.000,0.000, 0,7,7, ATTACK,1.500
7,109, 5.779,0.000,0.655, 10.000,0.000,0.000, 0,7,7, ATTACK,1.500
7,110, 5.748,0.000,0.685, 10.000,0.000,0.000, 0,7,7, ATTACK,1.500
7,111, 5.718,0.000,0.715, 10.000,0.000,0.000, 0,7,7, ATTACK,1.500
7,112, 5.688,0.000,0.745, 10.000,0.000,0.000, 0,7,7, ATTACK,1.500
7,113, 5.658,0.000,0.776, 10.000,0.000,0.000, 0,7,7, ATTACK,1.500
7,114, 5.627,0.420,0.806, 10.000,0.000,0.000, 0,7,7, JUMP,-0.020
7,115, 5.586,0.753,0.847, 10.000,0.000,0.000, 0,7,7, ATTACK,2.200
7,116, 5.535,1.001,0.898, 10.000,0.000,0.000, 0,7,7, ATTACK,2.200
7,117, 5.474,1.166,0.959, 10.000,0.000,0.000, 0,7,7, ATTACK,2.200
7,118, 5.406,1.249,1.028, 10.000,0.000,0.000, 0,7,7, ATTACK,2.200
7,119, 5.329,1.252,1.104, 10.000,0.000,0.000, 0,7,7, ATTACK,2.200
7,120, 5.246,1.177,1.160, 10.000,0.000,0.000, 0,5,5, TURN_RIGHT_90,-0.050
7,121, 5.171,1.024,1.183, 10.000,0.000,0.000, 0,5,5, MOVE_BACK,0.000
7,122, 5.102,0.797,1.176, 10.000,0.000,0.000, 1,5,13, SPRINT,0.000
7,123, 5.020,0.495,1.151, 10.000,0.000,0.000, 1,6,14, TURN_LEFT_45,0.150
7,124, 4.917,0.121,1.128, 10.000,0.000,0.000, 1,7,15, TURN_LEFT_45,0.150
7,125, 4.805,0.000,1.088, 10.000,0.000,0.000, 1,6,14, TURN_RIGHT_45,-0.050
7,126, 4.716,0.000,1.066, 10.000,0.000,0.000, 1,7,15, TURN_LEFT_45,0.150
7,127, 4.648,0.000,1.073, 10.000,0.000,0.000, 1,0,8, TURN_LEFT_45,0.150
7,128, 4.584,0.000,1.077, 10.000,0.000,0.000, 1,7,15, TURN_RIGHT_45,-0.050
7,129, 4.529,0.000,1.099, 10.000,0.000,0.000, 1,0,8, TURN_LEFT_45,0.150
7,130, 4.499,0.000,1.130, 10.000,0.000,0.000, 1,0,8, MOVE_BACK,0.000
7,131, 4.469,0.000,1.161, 10.000,0.000,0.000, 1,7,15, TURN_RIGHT_45,-0.050
7,132, 4.453,0.000,1.197, 10.000,0.000,0.000, 1,0,8, TURN_LEFT_45,0.150
7,133, 4.430,0.000,1.231, 10.000,0.000,0.000, 1,7,15, TURN_RIGHT_45,-0.050
7,134, 4.404,0.000,1.263, 10.000,0.000,0.000, 1,7,15, STRAFE_LEFT,0.000
7,135, 4.390,0.000,1.300, 10.000,0.000,0.000, 1,0,8, TURN_LEFT_45,0.150
7,136, 4.368,0.000,1.334, 10.000,0.000,0.000, 1,7,15, TURN_RIGHT_45,-0.050
7,137, 4.356,0.000,1.372, 10.000,0.000,0.000, 1,0,8, TURN_LEFT_45,0.150
7,138, 4.336,0.000,1.406, 10.000,0.000,0.000, 1,7,15, TURN_RIGHT_45,-0.050
7,139, 4.325,0.000,1.444, 10.000,0.000,0.000, 1,0,8, TURN_LEFT_45,0.150
7,140, 4.305,0.000,1.479, 10.000,0.000,0.000, 1,7,15, TURN_RIGHT_45,-0.050
7,141, 4.295,0.000,1.517, 10.000,0.000,0.000, 1,0,8, TURN_LEFT_45,0.150
7,142, 4.275,0.000,1.552, 10.000,0.000,0.000, 1,7,15, TURN_RIGHT_45,-0.050
7,143, 4.264,0.000,1.590, 10.000,0.000,0.000, 1,0,8, TURN_LEFT_45,0.150
7,144, 4.258,0.000,1.611, 10.000,0.000,0.000, 1,0,8, STRAFE_RIGHT,0.000
7,145, 4.255,0.000,1.623, 10.000,0.000,0.000, 1,7,15, TURN_RIGHT_45,-0.050
7,146, 4.253,0.000,1.629, 10.000,0.000,0.000, 1,0,8, TURN_LEFT_45,0.150
7,147, 4.252,0.000,1.632, 10.000,0.000,0.000, 1,7,15, TURN_RIGHT_45,-0.050
7,148, 4.252,0.000,1.634, 10.000,0.000,0.000, 1,0,8, TURN_LEFT_45,0.150
7,149, 4.252,0.000,1.635, 10.000,0.000,0.000, 1,7,15, TURN_RIGHT_45,-0.050
7,150, 4.252,0.000,1.636, 10.000,0.000,0.000, 1,0,8, TURN_LEFT_45,0.150
7,151, 4.251,0.000,1.636, 10.000,0.000,0.000, 1,7,15, TURN_RIGHT_45,-0.050
7,152, 4.251,0.000,1.636, 10.000,0.000,0.000, 1,0,8, TURN_LEFT_45,0.150
7,153, 4.251,0.000,1.636, 10.000,0.000,0.000, 1,7,15, TURN_RIGHT_45,-0.050
7,154, 4.251,0.000,1.636, 10.000,0.000,0.000, 1,0,8, TURN_LEFT_45,0.150
7,155, 4.251,0.000,1.636, 10.000,0.000,0.000, 1,7,15, TURN_RIGHT_45,-0.050
7,156, 4.251,0.000,1.636, 10.000,0.000,0.000, 1,5,13, TURN_RIGHT_90,-0.050
7,157, 4.251,0.000,1.636, 10.000,0.000,0.000, 1,6,14, TURN_LEFT_45,0.150
7,158, 4.251,0.000,1.636, 10.000,0.000,0.000, 1,7,15, TURN_LEFT_45,0.150
7,159, 4.251,0.420,1.636, 10.000,0.000,0.000, 1,7,15, JUMP,-0.020
7,160, 4.251,0.753,1.636, 10.000,0.000,0.000, 1,0,8, TURN_LEFT_45,0.150
7,161, 4.251,1.001,1.636, 10.000,0.000,0.000, 1,7,15, TURN_RIGHT_45,-0.050
7,162, 4.251,1.166,1.636, 10.000,0.000,0.000, 1,0,8, TURN_LEFT_45,0.150
7,163, 4.251,1.249,1.636, 10.000,0.000,0.000, 1,7,15, TURN_RIGHT_45,-0.050
7,164, 4.251,1.252,1.636, 10.000,0.000,0.000, 1,0,8, TURN_LEFT_45,0.150
7,165, 4.251,1.177,1.636, 10.000,0.000,0.000, 1,7,15, TURN_RIGHT_45,-0.050
7,166, 4.251,1.024,1.636, 10.000,0.000,0.000, 1,0,8, TURN_LEFT_45,0.150
7,167, 4.251,0.797,1.636, 10.000,0.000,0.000, 1,0,8, ATTACK,-0.500
7,168, 4.251,0.495,1.636, 10.000,0.000,0.000, 1,7,15, TURN_RIGHT_45,-0.050
7,169, 4.251,0.121,1.636, 10.000,0.000,0.000, 1,7,15, JUMP,-0.020
7,170, 4.251,0.000,1.636, 10.000,0.000,0.000, 1,0,8, TURN_LEFT_45,0.150
7,171, 4.251,0.000,1.636, 10.000,0.000,0.000, 1,7,15, TURN_RIGHT_45,-0.050
7,172, 4.238,0.000,1.623, 10.000,0.000,0.000, 1,7,15, MOVE_BACK,0.000
7,173, 4.216,0.420,1.601, 10.000,0.000,0.000, 1,7,15, JUMP,-0.020
7,174, 4.178,0.753,1.582, 10.000,0.000,0.000, 1,0,8, TURN_LEFT_45,0.150
7,175, 4.129,1.001,1.551, 10.000,0.000,0.000, 1,7,15, TURN_RIGHT_45,-0.050
7,176, 4.065,1.166,1.522, 10.000,0.000,0.000, 1,0,8, TURN_LEFT_45,0.150
7,177, 3.987,1.249,1.516, 10.000,0.000,0.000, 1,0,8, STRAFE_RIGHT,0.000
7,178, 3.889,1.252,1.510, 10.000,0.000,0.000, 1,7,15, TURN_RIGHT_45,-0.050
7,179, 3.780,1.177,1.524, 10.000,0.000,0.000, 1,0,8, TURN_LEFT_45,0.150
7,180, 3.653,1.024,1.537, 10.000,0.000,0.000, 1,7,15, TURN_RIGHT_45,-0.050
7,181, 3.519,0.797,1.568, 10.000,0.000,0.000, 1,0,8, TURN_LEFT_45,0.150
7,182, 3.369,0.495,1.596, 10.000,0.000,0.000, 1,7,15, TURN_RIGHT_45,-0.050
7,183, 3.213,0.121,1.641, 10.000,0.000,0.000, 1,0,8, TURN_LEFT_45,0.150
7,184, 3.044,0.000,1.682, 10.000,0.000,0.000, 1,7,15, TURN_RIGHT_45,-0.050
7,185, 2.932,0.000,1.724, 10.000,0.000,0.000, 1,0,8, TURN_LEFT_45,0.150
7,186, 2.844,0.000,1.747, 10.000,0.000,0.000, 1,7,15, TURN_RIGHT_45,-0.050
7,187, 2.776,0.000,1.779, 10.000,0.000,0.000, 1,0,8, TURN_LEFT_45,0.150
7,188, 2.711,0.000,1.796, 10.000,0.000,0.000, 1,7,15, TURN_RIGHT_45,-0.050
7,189, 2.649,0.000,1.806, 10.000,0.000,0.000, 1,7,15, SPRINT,0.000
7,190, 2.595,0.000,1.830, 10.000,0.000,0.000, 1,0,8, TURN_LEFT_45,0.150
7,191, 2.538,0.000,1.844, 10.000,0.000,0.000, 1,7,15, TURN_RIGHT_45,-0.050
7,192, 2.488,0.000,1.871, 10.000,0.000,0.000, 1,0,8, TURN_LEFT_45,0.150
7,193, 2.433,0.000,1.885, 10.000,0.000,0.000, 1,7,15, TURN_RIGHT_45,-0.050
7,194, 2.383,0.000,1.913, 10.000,0.000,0.000, 1,0,8, TURN_LEFT_45,0.150
7,195, 2.329,0.000,1.928, 10.000,0.000,0.000, 1,7,15, TURN_RIGHT_45,-0.050
7,196, 2.299,0.000,1.908, 10.000,0.000,0.000, 1,5,13, TURN_RIGHT_90,-0.050
7,197, 2.263,0.000,1.878, 10.000,0.000,0.000, 1,6,14, TURN_LEFT_45,0.150
7,198, 2.224,0.420,1.842, 10.000,0.000,0.000, 1,6,14, JUMP,-0.020
7,199, 2.162,0.753,1.810, 10.000,0.000,0.000, 1,7,15, TURN_LEFT_45,0.150
7,200, 2.085,1.001,1.800, 10.000,0.000,0.000, 1,0,8, TURN_LEFT_45,0.150
7,201, 1.988,1.166,1.790, 10.000,0.000,0.000, 1,7,15, TURN_RIGHT_45,-0.050
7,202, 1.872,1.249,1.782, 10.000,0.000,0.000, 1,7,15, JUMP,-0.020
7,203, 1.747,1.252,1.794, 10.000,0.000,0.000, 1,0,8, TURN_LEFT_45,0.150
7,204, 1.606,1.177,1.804, 10.000,0.000,0.000, 1,7,15, TURN_RIGHT_45,-0.050
7,205, 1.458,1.024,1.833, 10.000,0.000,0.000, 1,0,8, TURN_LEFT_45,0.150
7,206, 1.304,0.797,1.879, 10.000,0.000,0.000, 1,0,8, SPRINT,0.000
7,207, 1.136,0.495,1.921, 10.000,0.000,0.000, 1,7,15, TURN_RIGHT_45,-0.050
7,208, 0.964,0.121,1.979, 10.000,0.000,0.000, 1,0,8, TURN_LEFT_45,0.150
7,209, 0.780,0.000,2.031, 10.000,0.000,0.000, 1,7,15, TURN_RIGHT_45,-0.050
7,210, 0.660,0.000,2.079, 10.000,0.000,0.000, 1,0,8, TURN_LEFT_45,0.150
7,211, 0.567,0.000,2.105, 10.000,0.000,0.000, 1,7,15, TURN_RIGHT_45,-0.050
7,212, 0.497,0.000,2.139, 10.000,0.000,0.000, 1,0,8, TURN_LEFT_45,0.150
7,213, 0.431,0.000,2.157, 10.000,0.000,0.000, 1,7,15, TURN_RIGHT_45,-0.050
7,214, 0.376,0.000,2.187, 10.000,0.000,0.000, 1,0,8, TURN_LEFT_45,0.150
7,215, 0.326,0.000,2.222, 10.000,0.000,0.000, 1,0,8, STRAFE_LEFT,0.000
7,216, 0.272,0.000,2.242, 10.000,0.000,0.000, 1,7,15, TURN_RIGHT_45,-0.050
7,217, 0.222,0.000,2.272, 10.000,0.000,0.000, 2,0,16, TURN_LEFT_45,0.150
7,218, 0.176,0.000,2.308, 10.000,0.000,0.000, 2,0,16, SPRINT,0.000
7,219, 0.131,0.000,2.347, 10.000,0.000,0.000, 2,0,16, SPRINT,0.000
7,220, 0.087,0.000,2.387, 10.000,0.000,0.000, 2,0,16, SPRINT,0.000
7,221, 0.044,0.000,2.429, 10.000,0.000,0.000, 2,0,16, SPRINT,0.000
7,222, 0.001,0.000,2.471, 10.000,0.000,0.000, 2,0,16, SPRINT,0.000
7,223, -0.050,0.000,2.494, 10.000,0.000,0.000, 2,7,23, TURN_RIGHT_45,-0.050
7,224, -0.105,0.000,2.507, 10.000,0.000,0.000, 2,7,23, ATTACK,-0.500
7,225, -0.163,0.000,2.514, 10.000,0.000,0.000, 2,7,23, SPRINT,0.000
7,226, -0.222,0.000,2.517, 10.000,0.000,0.000, 2,7,23, SPRINT,0.000
7,227, -0.282,0.000,2.519, 10.000,0.000,0.000, 2,7,23, ATTACK,-0.500
7,228, -0.342,0.000,2.521, 10.000,0.000,0.000, 2,7,23, SPRINT,0.000
7,229, -0.402,0.000,2.521, 10.000,0.000,0.000, 2,7,23, SPRINT,0.000
7,230, -0.462,0.000,2.522, 10.000,0.000,0.000, 2,7,23, SPRINT,0.000
7,231, -0.523,0.000,2.522, 10.000,0.000,0.000, 2,7,23, SPRINT,0.000
7,232, -0.583,0.000,2.522, 10.000,0.000,0.000, 2,7,23, SPRINT,0.000
7,233, -0.644,0.000,2.522, 10.000,0.000,0.000, 2,7,23, SPRINT,0.000
7,234, -0.704,0.000,2.522, 10.000,0.000,0.000, 2,7,23, SPRINT,0.000
7,235, -0.765,0.000,2.522, 10.000,0.000,0.000, 2,7,23, SPRINT,0.000
7,236, -0.825,0.000,2.522, 10.000,0.000,0.000, 2,7,23, SPRINT,0.000
7,237, -0.886,0.000,2.522, 10.000,0.000,0.000, 2,7,23, SPRINT,0.000
7,238, -0.946,0.000,2.522, 10.000,0.000,0.000, 2,7,23, SPRINT,0.000
7,239, -1.007,0.000,2.522, 10.000,0.000,0.000, 2,7,23, SPRINT,0.000
7,240, -1.067,0.000,2.522, 10.000,0.000,0.000, 2,7,23, SPRINT,0.000
7,241, -1.114,0.000,2.536, 10.000,0.000,0.000, 2,7,23, MOVE_BACK,0.000
7,242, -1.136,0.000,2.575, 10.000,0.000,0.000, 2,7,23, SPRINT,0.000
7,243, -1.161,0.000,2.610, 10.000,0.000,0.000, 2,7,23, SPRINT,0.000
7,244, -1.171,0.000,2.661, 10.000,0.000,0.000, 2,7,23, SPRINT,0.000
7,245, -1.158,0.000,2.706, 10.000,0.000,0.000, 2,7,23, STRAFE_RIGHT,0.000
7,246, -1.126,0.000,2.731, 10.000,0.000,0.000, 2,0,16, TURN_LEFT_45,0.150
7,247, -1.109,0.000,2.745, 10.000,0.000,0.000, 2,0,16, SPRINT,0.000
7,248, -1.074,0.000,2.752, 10.000,0.000,0.000, 2,0,16, SPRINT,0.000
7,249, -1.055,0.000,2.756, 10.000,0.000,0.000, 2,0,16, SPRINT,0.000
7,250, -1.045,0.000,2.758, 10.000,0.000,0.000, 2,0,16, ATTACK,-0.500
7,251, -1.014,0.000,2.760, 10.000,0.000,0.000, 2,0,16, SPRINT,0.000
7,252, -0.997,0.000,2.760, 10.000,0.000,0.000, 2,0,16, SPRINT,0.000
7,253, -0.962,0.000,2.761, 10.000,0.000,0.000, 2,0,16, SPRINT,0.000
7,254, -0.943,0.000,2.761, 10.000,0.000,0.000, 2,0,16, SPRINT,0.000
7,255, -0.908,0.000,2.761, 10.000,0.000,0.000, 2,0,16, SPRINT,0.000
7,256, -0.863,0.000,2.761, 10.000,0.000,0.000, 2,0,16, MOVE_FORWARD,0.000
7,257, -0.839,0.000,2.761, 10.000,0.000,0.000, 2,0,16, SPRINT,0.000
7,258, -0.800,0.000,2.761, 10.000,0.000,0.000, 2,0,16, SPRINT,0.000
7,259, -0.779,0.000,2.761, 10.000,0.000,0.000, 2,0,16, SPRINT,0.000
7,260, -0.742,0.000,2.761, 10.000,0.000,0.000, 2,0,16, SPRINT,0.000
7,261, -0.722,0.000,2.761, 10.000,0.000,0.000, 2,0,16, SPRINT,0.000
7,262, -0.686,0.000,2.761, 10.000,0.000,0.000, 2,0,16, SPRINT,0.000
7,263, -0.666,0.000,2.761, 10.000,0.000,0.000, 2,0,16, SPRINT,0.000
7,264, -0.630,0.000,2.761, 10.000,0.000,0.000, 2,0,16, SPRINT,0.000
7,265, -0.611,0.000,2.761, 10.000,0.000,0.000, 2,0,16, SPRINT,0.000
7,266, -0.575,0.000,2.761, 10.000,0.000,0.000, 2,0,16, SPRINT,0.000
7,267, -0.555,0.000,2.761, 10.000,0.000,0.000, 2,0,16, SPRINT,0.000
7,268, -0.519,0.000,2.761, 10.000,0.000,0.000, 2,0,16, SPRINT,0.000
7,269, -0.499,0.000,2.761, 10.000,0.000,0.000, 2,0,16, SPRINT,0.000
7,270, -0.489,0.000,2.761, 10.000,0.000,0.000, 2,6,22, TURN_RIGHT_90,-0.050
7,271, -0.483,0.000,2.786, 10.000,0.000,0.000, 2,6,22, SPRINT,0.000
7,272, -0.499,0.000,2.825, 10.000,0.000,0.000, 2,6,22, STRAFE_RIGHT,0.000
7,273, -0.527,0.000,2.847, 10.000,0.000,0.000, 2,6,22, SPRINT,0.000
7,274, -0.562,0.000,2.884, 10.000,0.000,0.000, 2,6,22, SPRINT,0.000
7,275, -0.601,0.000,2.929, 10.000,0.000,0.000, 2,6,22, MOVE_FORWARD,0.000
7,276, -0.641,0.000,2.954, 10.000,0.000,0.000, 2,6,22, SPRINT,0.000
7,277, -0.663,0.000,2.967, 10.000,0.000,0.000, 2,6,22, STRAFE_RIGHT,0.000
7,278, -0.675,0.000,3.000, 10.000,0.000,0.000, 2,6,22, SPRINT,0.000
7,279, -0.682,0.000,3.018, 10.000,0.000,0.000, 2,6,22, SPRINT,0.000
7,280, -0.685,0.000,3.053, 10.000,0.000,0.000, 2,6,22, SPRINT,0.000
7,281, -0.705,0.000,3.090, 10.000,0.000,0.000, 2,5,21, TURN_RIGHT_45,-0.050
7,282, -0.698,0.000,3.128, 10.000,0.000,0.000, 2,7,23, TURN_LEFT_90,0.150
7,283, -0.694,0.000,3.149, 10.000,0.000,0.000, 2,7,23, SPRINT,0.000
7,284, -0.692,0.000,3.160, 10.000,0.000,0.000, 2,7,23, ATTACK,-0.500
7,285, -0.673,0.000,3.184, 10.000,0.000,0.000, 2,7,23, SPRINT,0.000
7,286, -0.663,0.000,3.197, 10.000,0.000,0.000, 2,7,23, SPRINT,0.000
7,287, -0.657,0.000,3.204, 10.000,0.000,0.000, 2,5,21, TURN_RIGHT_90,-0.050
7,288, -0.654,0.000,3.208, 10.000,0.000,0.000, 2,7,23, TURN_LEFT_90,0.150
7,289, -0.634,0.000,3.228, 10.000,0.000,0.000, 2,7,23, SPRINT,0.000
7,290, -0.606,0.000,3.257, 10.000,0.000,0.000, 2,7,23, ATTACK,-0.500
7,291, -0.590,0.000,3.273, 10.000,0.000,0.000, 2,7,23, SPRINT,0.000
7,292, -0.564,0.000,3.299, 10.000,0.000,0.000, 2,7,23, SPRINT,0.000
7,293, -0.550,0.000,3.314, 10.000,0.000,0.000, 2,7,23, SPRINT,0.000
7,294, -0.524,0.000,3.339, 10.000,0.000,0.000, 2,7,23, SPRINT,0.000
7,295, -0.510,0.000,3.353, 10.000,0.000,0.000, 2,7,23, SPRINT,0.000
7,296, -0.488,0.000,3.375, 10.000,0.000,0.000, 2,7,23, MOVE_FORWARD,0.000
7,297, -0.445,0.000,3.418, 10.000,0.000,0.000, 2,7,23, SPRINT,0.000
7,298, -0.408,0.000,3.455, 10.000,0.000,0.000, 2,7,23, SPRINT,0.000
7,299, -0.356,0.000,3.507, 10.000,0.000,0.000, 2,7,23, SPRINT,0.000
8,0, 0.025,0.000,0.000, 10.000,0.000,0.000, 1,0,8, SPRINT,0.300
8,1, 0.064,0.000,0.000, 10.000,0.000,0.000, 1,0,8, ATTACK,-0.500
8,2, 0.103,0.000,0.018, 10.000,0.000,0.000, 1,7,15, TURN_RIGHT_45,-0.050
8,3, 0.143,0.420,0.045, 10.000,0.000,0.000, 1,7,15, JUMP,-0.020
8,4, 0.204,0.753,0.071, 10.000,0.000,0.000, 1,0,8, TURN_LEFT_45,0.150
8,5, 0.277,1.001,0.111, 10.000,0.000,0.000, 1,7,15, TURN_RIGHT_45,-0.050
8,6, 0.362,1.166,0.166, 10.000,0.000,0.000, 1,7,15, MOVE_BACK,0.000
8,7, 0.464,1.249,0.216, 10.000,0.000,0.000, 1,0,8, TURN_LEFT_45,0.150
8,8, 0.575,1.252,0.280, 10.000,0.000,0.000, 1,7,15, TURN_RIGHT_45,-0.050
8,9, 0.701,1.177,0.337, 10.000,0.000,0.000, 1,0,8, TURN_LEFT_45,0.150
8,10, 0.834,1.024,0.408, 10.000,0.000,0.000, 1,7,15, TURN_RIGHT_45,-0.050
8,11, 0.980,0.797,0.472, 10.000,0.000,0.000, 1,0,8, TURN_LEFT_45,0.150
8,12, 1.130,0.495,0.548, 10.000,0.000,0.000, 1,7,15, TURN_RIGHT_45,-0.050
8,13, 1.293,0.121,0.617, 10.000,0.000,0.000, 1,0,8, TURN_LEFT_45,0.150
8,14, 1.459,0.000,0.698, 10.000,0.000,0.000, 1,7,15, TURN_RIGHT_45,-0.050
8,15, 1.574,0.000,0.742, 10.000,0.000,0.000, 1,0,8, TURN_LEFT_45,0.150
8,16, 1.655,0.000,0.784, 10.000,0.000,0.000, 1,7,15, TURN_RIGHT_45,-0.050
8,17, 1.725,0.000,0.807, 10.000,0.000,0.000, 1,0,8, TURN_LEFT_45,0.150
8,18, 1.781,0.000,0.837, 10.000,0.000,0.000, 1,7,15, TURN_RIGHT_45,-0.050
8,19, 1.836,0.000,0.854, 10.000,0.000,0.000, 1,0,8, TURN_LEFT_45,0.150
8,20, 1.885,0.000,0.845, 10.000,0.000,0.000, 1,1,9, TURN_LEFT_45,-0.050
8,21, 1.929,0.000,0.822, 10.000,0.000,0.000, 1,1,9, ATTACK,-0.500
8,22, 1.978,0.000,0.810, 10.000,0.000,0.000, 1,0,8, TURN_RIGHT_45,0.150
8,23, 2.023,0.000,0.821, 10.000,0.000,0.000, 1,7,15, TURN_RIGHT_45,-0.050
8,24, 2.073,0.000,0.827, 10.000,0.000,0.000, 1,0,8, TURN_LEFT_45,0.150
8,25, 2.118,0.000,0.848, 10.000,0.000,0.000, 1,7,15, TURN_RIGHT_45,-0.050
8,26, 2.168,0.000,0.860, 10.000,0.000,0.000, 1,0,8, TURN_LEFT_45,0.150
8,27, 2.213,0.000,0.884, 10.000,0.000,0.000, 1,7,15, TURN_RIGHT_45,-0.050
8,28, 2.263,0.000,0.897, 10.000,0.000,0.000, 1,0,8, TURN_LEFT_45,0.150
8,29, 2.308,0.000,0.922, 10.000,0.000,0.000, 1,7,15, TURN_RIGHT_45,-0.050
8,30, 2.358,0.000,0.936, 10.000,0.000,0.000, 1,0,8, TURN_LEFT_45,0.150
8,31, 2.403,0.000,0.961, 10.000,0.000,0.000, 1,7,15, TURN_RIGHT_45,-0.050
8,32, 2.453,0.000,0.975, 10.000,0.000,0.000, 1,0,8, TURN_LEFT_45,0.150
8,33, 2.505,0.420,0.983, 10.000,0.000,0.000, 1,0,8, JUMP,-0.020
8,34, 2.571,0.753,1.007, 10.000,0.000,0.000, 1,7,15, TURN_RIGHT_45,-0.050
8,35, 2.656,1.001,1.030, 10.000,0.000,0.000, 1,0,8, TURN_LEFT_45,0.150
8,36, 2.751,1.166,1.068, 10.000,0.000,0.000, 1,7,15, TURN_RIGHT_45,-0.050
8,37, 2.863,1.249,1.103, 10.000,0.000,0.000, 1,0,8, TURN_LEFT_45,0.150
8,38, 2.982,1.252,1.153, 10.000,0.000,0.000, 1,7,15, TURN_RIGHT_45,-0.050
8,39, 3.117,1.177,1.198, 10.000,0.000,0.000, 1,0,8, TURN_LEFT_45,0.150
8,40, 3.257,1.024,1.257, 10.000,0.000,0.000, 1,7,15, TURN_RIGHT_45,-0.050
8,41, 3.409,0.797,1.310, 10.000,0.000,0.000, 1,0,8, TURN_LEFT_45,0.150
8,42, 3.566,0.495,1.377, 10.000,0.000,0.000, 1,7,15, TURN_RIGHT_45,-0.050
8,43, 3.734,0.121,1.438, 10.000,0.000,0.000, 1,0,8, TURN_LEFT_45,0.150
8,44, 3.904,0.000,1.511, 10.000,0.000,0.000, 1,7,15, TURN_RIGHT_45,-0.050
8,45, 4.016,0.000,1.569, 10.000,0.000,0.000, 1,7,15, MOVE_BACK,0.000
8,46, 4.101,0.000,1.600, 10.000,0.000,0.000, 1,0,8, TURN_LEFT_45,0.150
8,47, 4.166,0.000,1.635, 10.000,0.000,0.000, 1,7,15, TURN_RIGHT_45,-0.050
8,48, 4.227,0.000,1.654, 10.000,0.000,0.000, 1,0,8, TURN_LEFT_45,0.150
8,49, 4.278,0.000,1.683, 10.000,0.000,0.000, 1,7,15, TURN_RIGHT_45,-0.050
8,50, 4.331,0.000,1.698, 10.000,0.000,0.000, 1,0,8, TURN_LEFT_45,0.150
8,51, 4.378,0.000,1.724, 10.000,0.000,0.000, 1,7,15, TURN_RIGHT_45,-0.050
8,52, 4.428,0.000,1.739, 10.000,0.000,0.000, 1,0,8, TURN_LEFT_45,0.150
8,53, 4.474,0.000,1.765, 10.000,0.000,0.000, 1,7,15, TURN_RIGHT_45,-0.050
8,54, 4.524,0.000,1.779, 10.000,0.000,0.000, 1,0,8, TURN_LEFT_45,0.150
8,55, 4.570,0.000,1.768, 10.000,0.000,0.000, 1,1,9, TURN_LEFT_45,-0.050
8,56, 4.619,0.000,1.763, 10.000,0.000,0.000, 1,0,8, TURN_RIGHT_45,0.150
8,57, 4.665,0.000,1.778, 10.000,0.000,0.000, 1,7,15, TURN_RIGHT_45,-0.050
8,58, 4.715,0.000,1.786, 10.000,0.000,0.000, 1,0,8, TURN_LEFT_45,0.150
8,59, 4.760,0.000,1.808, 10.000,0.000,0.000, 1,7,15, TURN_RIGHT_45,-0.050
8,60, 4.810,0.000,1.820, 10.000,0.000,0.000, 1,0,8, TURN_LEFT_45,0.150
8,61, 4.862,0.000,1.827, 10.000,0.000,0.000, 1,0,8, MOVE_BACK,0.000
8,62, 4.909,0.000,1.848, 10.000,0.000,0.000, 1,7,15, TURN_RIGHT_45,-0.050
8,63, 4.952,0.000,1.878, 10.000,0.000,0.000, 1,7,15, ATTACK,-0.500
8,64, 5.001,0.000,1.894, 10.000,0.000,0.000, 1,0,8, TURN_LEFT_45,0.150
8,65, 5.045,0.000,1.921, 10.000,0.000,0.000, 1,7,15, TURN_RIGHT_45,-0.050
8,66, 5.087,0.000,1.953, 10.000,0.000,0.000, 1,7,15, ATTACK,-0.500
8,67, 5.136,0.000,1.971, 10.000,0.000,0.000, 1,0,8, TURN_LEFT_45,0.150
8,68, 5.162,0.000,1.980, 10.000,0.000,0.000, 1,0,8, SPRINT,0.000
8,69, 5.176,0.000,1.986, 10.000,0.000,0.000, 1,7,15, TURN_RIGHT_45,-0.050
8,70, 5.184,0.000,1.989, 10.000,0.000,0.000, 1,0,8, TURN_LEFT_45,0.150
8,71, 5.214,0.000,1.990, 10.000,0.000,0.000, 1,7,15, SPRINT,0.000
8,72, 5.255,0.000,1.972, 10.000,0.000,0.000, 1,7,15, STRAFE_LEFT,0.000
8,73, 5.282,0.000,1.930, 10.000,0.000,0.000, 1,1,9, TURN_LEFT_45,-0.050
8,74, 5.322,0.000,1.888, 10.000,0.000,0.000, 1,0,8, TURN_RIGHT_45,0.150
8,75, 5.375,0.000,1.869, 10.000,0.000,0.000, 0,7,7, TURN_RIGHT_45,0.250
8,76, 5.436,0.000,1.863, 10.000,0.000,0.000, 0,7,7, ATTACK,1.500
8,77, 5.473,0.000,1.828, 10.000,0.000,0.000, 0,1,1, TURN_LEFT_90,-0.050
8,78, 5.519,0.000,1.789, 10.000,0.000,0.000, 0,0,0, TURN_RIGHT_45,0.150
8,79, 5.569,0.000,1.749, 10.000,0.000,0.000, 0,0,0, ATTACK,1.500
8,80, 5.622,0.000,1.707, 10.000,0.000,0.000, 0,0,0, ATTACK,1.500
8,81, 5.676,0.000,1.665, 10.000,0.000,0.000, 0,0,0, ATTACK,1.500
8,82, 5.709,0.000,1.610, 10.000,0.000,0.000, 0,1,1, TURN_LEFT_45,-0.050
8,83, 5.753,0.000,1.561, 10.000,0.000,0.000, 0,0,0, TURN_RIGHT_45,0.150
8,84, 5.802,0.000,1.515, 10.000,0.000,0.000, 0,0,0, ATTACK,1.500
8,85, 5.854,0.000,1.470, 10.000,0.000,0.000, 0,0,0, ATTACK,1.500
8,86, 5.908,0.000,1.426, 10.000,0.000,0.000, 0,0,0, ATTACK,1.500
8,87, 5.962,0.000,1.383, 10.000,0.000,0.000, 0,0,0, ATTACK,1.500
8,88, 6.017,0.000,1.359, 10.000,0.000,0.000, 0,0,0, STRAFE_LEFT,0.000
8,89, 6.073,0.000,1.346, 10.000,0.000,0.000, 0,0,0, ATTACK,1.500
8,90, 6.103,0.000,1.314, 10.000,0.000,0.000, 0,2,2, TURN_LEFT_90,-0.050
8,91, 6.137,0.000,1.278, 10.000,0.000,0.000, 0,1,1, TURN_RIGHT_45,0.150
8,92, 6.181,0.000,1.259, 10.000,0.000,0.000, 0,0,0, TURN_RIGHT_45,0.150
8,93, 6.231,0.000,1.248, 10.000,0.000,0.000, 0,0,0, ATTACK,1.500
8,94, 6.283,0.000,1.243, 10.000,0.000,0.000, 0,0,0, ATTACK,1.500
8,95, 6.336,0.000,1.240, 10.000,0.000,0.000, 0,0,0, ATTACK,1.500
8,96, 6.391,0.420,1.238, 10.000,0.000,0.000, 0,0,0, JUMP,-0.020
8,97, 6.466,0.753,1.236, 10.000,0.000,0.000, 0,0,0, ATTACK,1.500
8,98, 6.559,1.001,1.235, 10.000,0.000,0.000, 0,0,0, ATTACK,1.500
8,99, 6.670,1.166,1.233, 10.000,0.000,0.000, 0,0,0, ATTACK,1.500
8,100, 6.795,1.249,1.232, 10.000,0.000,0.000, 0,0,0, ATTACK,1.500
8,101, 6.935,1.252,1.231, 10.000,0.000,0.000, 0,0,0, ATTACK,1.500
8,102, 7.087,1.177,1.230, 10.000,0.000,0.000, 0,7,7, ATTACK,1.500
8,103, 7.251,1.024,1.229, 10.000,0.000,0.000, 0,7,7, ATTACK,1.500
8,104, 7.425,0.797,1.229, 10.000,0.000,0.000, 0,7,7, ATTACK,1.500
8,105, 7.609,0.495,1.228, 10.000,0.000,0.000, 0,7,7, ATTACK,1.500
8,106, 7.802,0.121,1.227, 10.000,0.000,0.000, 0,7,7, ATTACK,1.500
8,107, 8.003,0.000,1.227, 10.000,0.000,0.000, 0,7,7, ATTACK,1.500
8,108, 8.137,0.000,1.226, 10.000,0.000,0.000, 0,7,7, ATTACK,1.500
8,109, 8.236,0.000,1.226, 10.000,0.000,0.000, 0,7,7, ATTACK,1.500
8,110, 8.315,0.000,1.226, 10.000,0.000,0.000, 0,7,7, ATTACK,1.500
8,111, 8.384,0.000,1.226, 10.000,0.000,0.000, 0,7,7, ATTACK,1.500
8,112, 8.447,0.000,1.226, 10.000,0.000,0.000, 0,7,7, ATTACK,1.500
8,113, 8.506,0.000,1.226, 10.000,0.000,0.000, 0,7,7, MOVE_BACK,0.000
8,114, 8.564,0.000,1.226, 10.000,0.000,0.000, 0,7,7, ATTACK,1.500
8,115, 8.621,0.000,1.226, 10.685,0.400,-0.584, 0,7,7, ATTACK,2.500
8,116, 8.677,0.000,1.226, 11.308,0.792,-1.116, 0,7,7, ATTACK,1.500
8,117, 8.733,0.000,1.226, 11.874,1.098,-1.600, 0,7,7, ATTACK,1.500
8,118, 8.789,0.000,1.226, 12.390,1.319,-2.040, 0,7,7, ATTACK,1.500
8,119, 8.844,0.000,1.226, 12.860,1.457,-2.441, 1,7,15, ATTACK,1.500
8,120, 8.893,0.000,1.208, 13.287,1.515,-2.805, 1,0,8, TURN_LEFT_45,0.150
8,121, 8.944,0.000,1.198, 13.676,1.492,-3.137, 1,7,15, TURN_RIGHT_45,-0.050
8,122, 8.990,0.000,1.175, 14.029,1.392,-3.439, 1,0,8, TURN_LEFT_45,0.150
8,123, 9.041,0.000,1.162, 14.351,1.215,-3.714, 1,7,15, TURN_RIGHT_45,-0.050
8,124, 9.086,0.000,1.138, 14.644,0.964,-3.964, 1,0,8, TURN_LEFT_45,0.150
8,125, 9.136,0.000,1.124, 14.911,0.639,-4.191, 1,7,15, TURN_RIGHT_45,-0.050
8,126, 9.189,0.000,1.136, 15.153,0.242,-4.398, 1,7,15, STRAFE_RIGHT,0.000
8,127, 9.243,0.000,1.162, 15.374,0.000,-4.587, 1,7,15, MOVE_BACK,0.000
8,128, 9.304,0.000,1.172, 15.495,0.000,-4.690, 1,0,8, TURN_LEFT_45,0.150
8,129, 9.362,0.000,1.197, 15.561,0.000,-4.746, 1,7,15, TURN_RIGHT_45,-0.050
8,130, 9.426,0.000,1.207, 15.596,0.000,-4.777, 1,0,8, TURN_LEFT_45,0.150
8,131, 9.486,0.000,1.231, 15.616,0.000,-4.793, 1,7,15, TURN_RIGHT_45,-0.050
8,132, 9.550,0.000,1.241, 15.627,0.000,-4.802, 1,0,8, TURN_LEFT_45,0.150
8,133, 9.611,0.000,1.265, 15.633,0.000,-4.807, 1,7,15, TURN_RIGHT_45,-0.050
8,134, 9.675,0.000,1.274, 15.636,0.000,-4.810, 1,0,8, TURN_LEFT_45,0.150
8,135, 9.736,0.000,1.299, 15.638,0.000,-4.812, 1,7,15, TURN_RIGHT_45,-0.050
8,136, 9.794,0.000,1.332, 15.639,0.000,-4.812, 1,7,15, STRAFE_LEFT,0.000
8,137, 9.858,0.000,1.345, 15.639,0.000,-4.813, 1,0,8, TURN_LEFT_45,0.150
8,138, 9.917,0.000,1.372, 15.639,0.000,-4.813, 1,7,15, TURN_RIGHT_45,-0.050
8,139, 9.975,0.420,1.406, 15.639,0.000,-4.813, 1,7,15, JUMP,-0.020
8,140, 10.060,0.753,1.433, 15.640,0.000,-4.813, 1,0,8, TURN_LEFT_45,0.150
8,141, 10.162,1.001,1.477, 15.640,0.000,-4.813, 1,7,15, TURN_RIGHT_45,-0.050
8,142, 10.286,1.166,1.513, 15.640,0.000,-4.813, 1,0,8, TURN_LEFT_45,0.150
8,143, 10.425,1.249,1.565, 15.640,0.000,-4.813, 1,7,15, TURN_RIGHT_45,-0.050
8,144, 10.582,1.252,1.609, 15.640,0.000,-4.813, 1,0,8, TURN_LEFT_45,0.150
8,145, 10.751,1.177,1.667, 15.640,0.000,-4.813, 1,7,15, TURN_RIGHT_45,-0.050
8,146, 10.936,1.024,1.717, 15.640,0.000,-4.813, 1,0,8, TURN_LEFT_45,0.150
8,147, 11.130,0.797,1.781, 15.640,0.000,-4.813, 1,7,15, TURN_RIGHT_45,-0.050
8,148, 11.326,0.495,1.815, 15.640,0.000,-4.813, 1,1,9, TURN_LEFT_90,-0.050
8,149, 11.535,0.121,1.841, 15.640,0.000,-4.813, 1,0,8, TURN_RIGHT_45,0.150
8,150, 11.751,0.000,1.884, 15.640,0.000,-4.813, 1,7,15, TURN_RIGHT_45,-0.050
8,151, 11.873,0.000,1.939, 15.640,0.000,-4.813, 1,6,14, TURN_RIGHT_45,-0.050
8,152, 11.965,0.000,1.989, 15.640,0.000,-4.813, 1,7,15, TURN_LEFT_45,0.150
8,153, 12.047,0.000,2.012, 15.640,0.000,-4.813, 1,0,8, TURN_LEFT_45,0.150
8,154, 12.117,0.000,2.044, 15.640,0.000,-4.813, 1,7,15, TURN_RIGHT_45,-0.050
8,155, 12.180,0.420,2.081, 15.640,0.000,-4.813, 1,7,15, JUMP,-0.020
8,156, 12.270,0.753,2.110, 15.640,0.000,-4.813, 1,0,8, TURN_LEFT_45,0.150
8,157, 12.376,1.001,2.156, 15.640,0.000,-4.813, 1,7,15, TURN_RIGHT_45,-0.050
8,158, 12.499,1.166,2.218, 15.640,0.000,-4.813, 1,7,15, ATTACK,-0.500
8,159, 12.641,1.249,2.270, 15.640,0.000,-4.813, 1,0,8, TURN_LEFT_45,0.150
8,160, 12.797,1.252,2.336, 15.640,0.000,-4.813, 1,6,14, TURN_RIGHT_45,-0.050
8,161, 12.969,1.177,2.393, 15.640,0.000,-4.813, 1,7,15, TURN_LEFT_45,0.150
8,162, 13.158,1.024,2.440, 15.640,0.000,-4.813, 1,7,15, MOVE_FORWARD,0.000
8,163, 13.350,0.797,2.458, 15.640,0.000,-4.813, 1,0,8, TURN_LEFT_45,0.150
8,164, 13.555,0.495,2.470, 15.640,0.000,-4.813, 1,7,15, TURN_RIGHT_45,-0.050
8,165, 13.762,0.121,2.455, 15.640,0.000,-4.813, 1,0,8, TURN_LEFT_45,0.150
8,166, 13.982,0.000,2.438, 15.640,0.000,-4.813, 1,7,15, TURN_RIGHT_45,-0.050
8,167, 14.121,0.000,2.404, 15.640,0.000,-4.813, 1,0,8, TURN_LEFT_45,0.150
8,168, 14.229,0.000,2.381, 15.640,0.000,-4.813, 1,7,15, TURN_RIGHT_45,-0.050
8,169, 14.307,0.000,2.343, 15.640,0.000,-4.813, 1,0,8, TURN_LEFT_45,0.150
8,170, 14.381,0.000,2.318, 15.640,0.000,-4.813, 1,7,15, TURN_RIGHT_45,-0.050
8,171, 14.441,0.000,2.279, 15.640,0.000,-4.813, 1,0,8, TURN_LEFT_45,0.150
8,172, 14.506,0.000,2.254, 15.640,0.000,-4.813, 1,7,15, TURN_RIGHT_45,-0.050
8,173, 14.560,0.000,2.215, 15.640,0.000,-4.813, 1,0,8, TURN_LEFT_45,0.150
8,174, 14.621,0.000,2.190, 15.640,0.000,-4.813, 1,7,15, TURN_RIGHT_45,-0.050
8,175, 14.674,0.000,2.150, 15.640,0.000,-4.813, 1,0,8, TURN_LEFT_45,0.150
8,176, 14.735,0.000,2.125, 15.640,0.000,-4.813, 1,7,15, TURN_RIGHT_45,-0.050
8,177, 14.787,0.000,2.086, 15.640,0.000,-4.813, 1,0,8, TURN_LEFT_45,0.150
8,178, 14.848,0.000,2.060, 15.640,0.000,-4.813, 1,7,15, TURN_RIGHT_45,-0.050
8,179, 14.900,0.000,2.021, 15.640,0.000,-4.813, 1,0,8, TURN_LEFT_45,0.150
8,180, 14.960,0.000,1.995, 15.640,0.000,-4.813, 1,7,15, TURN_RIGHT_45,-0.050
8,181, 15.012,0.000,1.956, 15.640,0.000,-4.813, 1,0,8, TURN_LEFT_45,0.150
8,182, 15.073,0.000,1.931, 15.640,0.000,-4.813, 1,7,15, TURN_RIGHT_45,-0.050
8,183, 15.125,0.000,1.892, 15.640,0.000,-4.813, 1,0,8, TURN_LEFT_45,0.150
8,184, 15.185,0.000,1.866, 15.640,0.000,-4.813, 1,7,15, TURN_RIGHT_45,-0.050
8,185, 15.237,0.000,1.827, 15.640,0.000,-4.813, 1,0,8, TURN_LEFT_45,0.150
8,186, 15.297,0.000,1.801, 15.640,0.000,-4.813, 1,7,15, TURN_RIGHT_45,-0.050
8,187, 15.344,0.000,1.801, 15.640,0.000,-4.813, 1,7,15, SPRINT,0.000
8,188, 15.389,0.000,1.801, 15.640,0.000,-4.813, 1,0,8, TURN_LEFT_45,0.150
8,189, 15.427,0.000,1.815, 15.640,0.000,-4.813, 1,7,15, TURN_RIGHT_45,-0.050
8,190, 15.467,0.000,1.822, 15.640,0.000,-4.813, 1,0,8, TURN_LEFT_45,0.150
8,191, 15.503,0.000,1.840, 15.640,0.000,-4.813, 1,7,15, TURN_RIGHT_45,-0.050
8,192, 15.542,0.000,1.850, 15.640,0.000,-4.813, 1,0,8, TURN_LEFT_45,0.150
8,193, 15.583,0.000,1.830, 15.640,0.000,-4.813, 1,0,8, SPRINT,0.000
8,194, 15.637,0.000,1.815, 15.640,0.000,-4.813, 1,7,15, TURN_RIGHT_45,-0.050
8,195, 15.685,0.000,1.781, 15.640,0.000,-4.813, 1,0,8, TURN_LEFT_45,0.150
8,196, 15.744,0.000,1.759, 15.640,0.000,-4.813, 1,7,15, TURN_RIGHT_45,-0.050
8,197, 15.789,0.000,1.760, 15.640,0.000,-4.813, 1,7,15, SPRINT,0.000
8,198, 15.833,0.000,1.761, 15.640,0.000,-4.813, 1,0,8, TURN_LEFT_45,0.150
8,199, 15.877,0.000,1.762, 15.640,0.000,-4.813, 1,0,8, ATTACK,-0.500
8,200, 15.920,0.000,1.737, 15.640,0.000,-4.813, 1,0,8, SPRINT,0.000
8,201, 15.976,0.000,1.719, 15.640,0.000,-4.813, 1,7,15, TURN_RIGHT_45,-0.050
8,202, 16.025,0.000,1.684, 15.640,0.000,-4.813, 1,0,8, TURN_LEFT_45,0.150
8,203, 16.084,0.000,1.661, 15.640,0.000,-4.813, 1,7,15, TURN_RIGHT_45,-0.050
8,204, 16.135,0.000,1.623, 15.640,0.000,-4.813, 1,0,8, TURN_LEFT_45,0.150
8,205, 16.183,0.000,1.602, 15.640,0.000,-4.813, 1,0,8, SPRINT,0.000
8,206, 16.222,0.000,1.604, 15.640,0.000,-4.813, 1,7,15, TURN_RIGHT_45,-0.050
8,207, 16.264,0.000,1.606, 15.640,0.000,-4.813, 1,0,8, TURN_LEFT_45,0.150
8,208, 16.305,0.000,1.581, 15.640,0.000,-4.813, 1,0,8, SPRINT,0.000
8,209, 16.360,0.000,1.564, 15.640,0.000,-4.813, 1,7,15, TURN_RIGHT_45,-0.050
8,210, 16.409,0.000,1.529, 15.640,0.000,-4.813, 1,0,8, TURN_LEFT_45,0.150
8,211, 16.468,0.000,1.506, 15.640,0.000,-4.813, 1,7,15, TURN_RIGHT_45,-0.050
8,212, 16.519,0.000,1.468, 15.640,0.000,-4.813, 1,0,8, TURN_LEFT_45,0.150
8,213, 16.566,0.000,1.447, 15.640,0.000,-4.813, 1,0,8, SPRINT,0.000
8,214, 16.606,0.000,1.450, 15.640,0.000,-4.813, 1,7,15, TURN_RIGHT_45,-0.050
8,215, 16.647,0.000,1.451, 15.640,0.000,-4.813, 1,0,8, TURN_LEFT_45,0.150
8,216, 16.689,0.000,1.471, 15.640,0.000,-4.813, 1,0,8, MOVE_BACK,0.000
8,217, 16.731,0.000,1.463, 15.640,0.000,-4.813, 1,2,10, TURN_LEFT_90,-0.050
8,218, 16.774,0.000,1.478, 15.640,0.000,-4.813, 1,0,8, TURN_RIGHT_90,0.150
8,219, 16.816,0.000,1.505, 15.640,0.000,-4.813, 1,0,8, SPRINT,0.000
8,220, 16.840,0.000,1.548, 15.640,0.000,-4.813, 1,7,15, TURN_RIGHT_45,-0.050
8,221, 16.872,0.000,1.590, 15.640,0.000,-4.813, 1,0,8, TURN_LEFT_45,0.150
8,222, 16.909,0.000,1.633, 15.640,0.000,-4.813, 1,0,8, SPRINT,0.000
8,223, 16.948,0.000,1.656, 15.640,0.000,-4.813, 1,0,8, MOVE_FORWARD,0.000
8,224, 16.984,0.000,1.683, 15.640,0.000,-4.813, 1,7,15, TURN_RIGHT_45,-0.050
8,225, 17.023,0.000,1.697, 15.640,0.000,-4.813, 1,0,8, TURN_LEFT_45,0.150
8,226, 17.057,0.000,1.719, 15.640,0.000,-4.813, 1,7,15, TURN_RIGHT_45,-0.050
8,227, 17.096,0.000,1.731, 15.640,0.000,-4.813, 1,0,8, TURN_LEFT_45,0.150
8,228, 17.136,0.000,1.737, 15.640,0.000,-4.813, 1,0,8, SPRINT,0.000
8,229, 17.172,0.000,1.754, 15.640,0.000,-4.813, 1,7,15, TURN_RIGHT_45,-0.050
8,230, 17.211,0.000,1.764, 15.640,0.000,-4.813, 1,0,8, TURN_LEFT_45,0.150
8,231, 17.246,0.000,1.783, 15.640,0.000,-4.813, 1,7,15, TURN_RIGHT_45,-0.050
8,232, 17.285,0.000,1.793, 15.640,0.000,-4.813, 1,0,8, TURN_LEFT_45,0.150
8,233, 17.325,0.000,1.799, 15.640,0.000,-4.813, 1,0,8, SPRINT,0.000
8,234, 17.361,0.000,1.815, 15.640,0.000,-4.813, 1,7,15, TURN_RIGHT_45,-0.050
8,235, 17.400,0.000,1.825, 15.640,0.000,-4.813, 1,0,8, TURN_LEFT_45,0.150
8,236, 17.435,0.000,1.843, 15.640,0.000,-4.813, 1,7,15, TURN_RIGHT_45,-0.050
8,237, 17.474,0.000,1.854, 15.640,0.000,-4.813, 1,0,8, TURN_LEFT_45,0.150
8,238, 17.514,0.000,1.859, 15.640,0.000,-4.813, 1,0,8, SPRINT,0.000
8,239, 17.550,0.000,1.876, 15.640,0.000,-4.813, 1,7,15, TURN_RIGHT_45,-0.050
8,240, 17.589,0.000,1.885, 15.640,0.000,-4.813, 1,0,8, TURN_LEFT_45,0.150
8,241, 17.630,0.420,1.890, 15.640,0.000,-4.813, 1,0,8, JUMP,-0.020
8,242, 17.686,0.753,1.895, 15.640,0.000,-4.813, 1,0,8, SPRINT,0.000
8,243, 17.757,1.001,1.899, 15.640,0.000,-4.813, 1,0,8, MOVE_BACK,0.000
8,244, 17.835,1.166,1.916, 15.640,0.000,-4.813, 1,7,15, TURN_RIGHT_45,-0.050
8,245, 17.926,1.249,1.932, 15.640,0.000,-4.813, 1,0,8, TURN_LEFT_45,0.150
8,246, 18.022,1.252,1.961, 15.640,0.000,-4.813, 1,7,15, TURN_RIGHT_45,-0.050
8,247, 18.129,1.177,1.986, 15.640,0.000,-4.813, 1,0,8, TURN_LEFT_45,0.150
8,248, 18.246,1.024,2.010, 15.640,0.000,-4.813, 1,0,8, SPRINT,0.000
8,249, 18.366,0.797,2.045, 15.640,0.000,-4.813, 1,7,15, TURN_RIGHT_45,-0.050
8,250, 18.475,0.495,2.104, 15.640,0.000,-4.813, 1,7,15, MOVE_FORWARD,0.000
8,251, 18.594,0.121,2.177, 15.640,0.000,-4.813, 1,7,15, TURN_LEFT_45,-0.050
8,252, 18.702,0.000,2.264, 15.640,0.000,-4.813, 1,7,15, STRAFE_RIGHT,0.000
8,253, 18.775,0.000,2.325, 15.640,0.000,-4.813, 1,0,8, TURN_LEFT_45,0.150
8,254, 18.842,0.000,2.358, 15.640,0.000,-4.813, 1,0,8, STRAFE_RIGHT,0.000
8,255, 18.898,0.000,2.395, 15.640,0.000,-4.813, 1,7,15, TURN_RIGHT_45,-0.050
8,256, 18.956,0.000,2.416, 15.640,0.000,-4.813, 1,0,8, TURN_LEFT_45,0.150
8,257, 19.015,0.000,2.427, 15.640,0.000,-4.813, 1,0,8, SPRINT,0.000
8,258, 19.067,0.000,2.453, 15.640,0.000,-4.813, 1,7,15, TURN_RIGHT_45,-0.050
8,259, 19.123,0.000,2.466, 15.640,0.000,-4.813, 1,0,8, TURN_LEFT_45,0.150
8,260, 19.167,0.000,2.460, 15.640,0.000,-4.813, 1,0,8, MOVE_FORWARD,0.000
8,261, 19.205,0.000,2.443, 15.640,0.000,-4.813, 1,0,8, SPRINT,0.000
8,262, 19.245,0.000,2.434, 15.640,0.000,-4.813, 1,7,15, TURN_RIGHT_45,-0.050
8,263, 19.286,0.000,2.429, 15.640,0.000,-4.813, 1,7,15, SPRINT,0.000
8,264, 19.322,0.000,2.412, 15.640,0.000,-4.813, 1,0,8, TURN_LEFT_45,0.150
8,265, 19.356,0.000,2.390, 15.640,0.000,-4.813, 1,0,8, SPRINT,0.000
8,266, 19.394,0.000,2.377, 15.640,0.000,-4.813, 1,7,15, TURN_RIGHT_45,-0.050
8,267, 19.428,0.000,2.357, 15.640,0.000,-4.813, 1,0,8, TURN_LEFT_45,0.150
8,268, 19.466,0.000,2.345, 15.640,0.000,-4.813, 1,7,15, TURN_RIGHT_45,-0.050
8,269, 19.501,0.000,2.326, 15.640,0.000,-4.813, 1,0,8, TURN_LEFT_45,0.150
8,270, 19.534,0.000,2.301, 15.640,0.000,-4.813, 1,0,8, SPRINT,0.000
8,271, 19.565,0.000,2.301, 15.640,0.000,-4.813, 1,6,14, TURN_RIGHT_90,-0.050
8,272, 19.602,0.000,2.301, 15.640,0.000,-4.813, 1,7,15, TURN_LEFT_45,0.150
8,273, 19.641,0.000,2.302, 15.640,0.000,-4.813, 1,7,15, STRAFE_LEFT,0.000
8,274, 19.682,0.000,2.321, 15.640,0.000,-4.813, 1,7,15, MOVE_FORWARD,0.000
8,275, 19.732,0.000,2.332, 15.640,0.000,-4.813, 1,0,8, TURN_LEFT_45,0.150
8,276, 19.779,0.000,2.357, 15.640,0.000,-4.813, 1,7,15, TURN_RIGHT_45,-0.050
8,277, 19.832,0.000,2.371, 15.640,0.000,-4.813, 1,0,8, TURN_LEFT_45,0.150
8,278, 19.888,0.000,2.378, 15.640,0.000,-4.813, 1,0,8, SPRINT,0.000
8,279, 19.932,0.000,2.396, 15.640,0.000,-4.813, 1,0,8, STRAFE_RIGHT,0.000
8,280, 19.957,0.000,2.425, 15.640,0.000,-4.813, 1,7,15, TURN_RIGHT_45,-0.050
8,281, 19.984,0.000,2.455, 15.640,0.000,-4.813, 1,0,8, TURN_LEFT_45,0.150
8,282, 19.999,0.000,2.491, 15.640,0.000,-4.813, 1,7,15, TURN_RIGHT_45,-0.050
8,283, 20.020,0.000,2.524, 15.640,0.000,-4.813, 1,0,8, TURN_LEFT_45,0.150
8,284, 20.046,0.000,2.556, 15.640,0.000,-4.813, 1,0,8, SPRINT,0.000
8,285, 20.060,0.000,2.573, 15.640,0.000,-4.813, 1,0,8, MOVE_BACK,0.000
8,286, 20.068,0.000,2.582, 15.640,0.000,-4.813, 1,7,15, TURN_RIGHT_45,-0.050
8,287, 20.072,0.000,2.588, 15.640,0.000,-4.813, 1,0,8, TURN_LEFT_45,0.150
8,288, 20.074,0.000,2.591, 15.640,0.000,-4.813, 1,7,15, TURN_RIGHT_45,-0.050
8,289, 20.075,0.000,2.592, 15.640,0.000,-4.813, 1,0,8, TURN_LEFT_45,0.150
8,290, 20.058,0.000,2.575, 15.640,0.000,-4.813, 1,0,8, SPRINT,0.000
8,291, 20.049,0.000,2.540, 15.640,0.000,-4.813, 1,7,15, TURN_RIGHT_45,-0.050
8,292, 20.044,0.000,2.522, 15.640,0.000,-4.813, 1,7,15, SPRINT,0.000
8,293, 20.041,0.000,2.511, 15.640,0.000,-4.813, 1,0,8, TURN_LEFT_45,0.150
8,294, 20.021,0.000,2.488, 15.640,0.000,-4.813, 1,0,8, SPRINT,0.000
8,295, 19.993,0.420,2.457, 15.640,0.000,-4.813, 1,0,8, JUMP,-0.020
8,296, 19.967,0.753,2.404, 15.640,0.000,-4.813, 1,7,15, TURN_RIGHT_45,-0.050
8,297, 19.944,1.001,2.330, 15.640,0.000,-4.813, 1,7,15, MOVE_FORWARD,0.000
8,298, 19.904,1.166,2.245, 15.640,0.000,-4.813, 1,0,8, TURN_LEFT_45,0.150
8,299, 19.869,1.249,2.143, 15.640,0.000,-4.813, 1,7,15, TURN_RIGHT_45,-0.050
9,0, 0.025,0.000,0.000, 10.000,0.000,0.000, 1,0,8, SPRINT,0.300
9,1, 0.039,0.000,0.000, 10.000,0.000,0.000, 1,0,8, SPRINT,0.000
9,2, 0.047,0.000,-0.019, 10.000,0.000,0.000, 1,0,8, STRAFE_LEFT,0.000
9,3, 0.064,0.000,-0.044, 10.000,0.000,0.000, 1,7,15, TURN_RIGHT_45,-0.050
9,4, 0.074,0.000,-0.077, 10.000,0.000,0.000, 1,0,8, TURN_LEFT_45,0.150
9,5, 0.093,0.000,-0.108, 10.000,0.000,0.000, 1,7,15, TURN_RIGHT_45,-0.050
9,6, 0.104,0.000,-0.145, 10.000,0.000,0.000, 1,0,8, TURN_LEFT_45,0.150
9,7, 0.135,0.000,-0.184, 10.000,0.000,0.000, 1,0,8, SPRINT,0.000
9,8, 0.183,0.000,-0.202, 10.000,0.000,0.000, 1,7,15, TURN_RIGHT_45,-0.050
9,9, 0.235,0.000,-0.231, 10.000,0.000,0.000, 1,0,8, TURN_LEFT_45,0.150
9,10, 0.295,0.000,-0.242, 10.000,0.000,0.000, 1,7,15, TURN_RIGHT_45,-0.050
9,11, 0.331,0.000,-0.280, 10.000,0.000,0.000, 1,1,9, TURN_LEFT_90,-0.050
9,12, 0.356,0.420,-0.333, 10.000,0.000,0.000, 1,1,9, JUMP,-0.020
9,13, 0.403,0.753,-0.400, 10.000,0.000,0.000, 1,0,8, TURN_RIGHT_45,0.150
9,14, 0.446,1.001,-0.480, 10.000,0.000,0.000, 1,0,8, SPRINT,0.000
9,15, 0.499,1.166,-0.567, 10.000,0.000,0.000, 1,7,15, TURN_RIGHT_45,-0.050
9,16, 0.547,1.249,-0.666, 10.000,0.000,0.000, 1,0,8, TURN_LEFT_45,0.150
9,17, 0.605,1.252,-0.769, 10.000,0.000,0.000, 1,7,15, TURN_RIGHT_45,-0.050
9,18, 0.657,1.177,-0.883, 10.000,0.000,0.000, 1,0,8, TURN_LEFT_45,0.150
9,19, 0.730,1.024,-1.005, 10.000,0.000,0.000, 1,0,8, SPRINT,0.000
9,20, 0.821,0.797,-1.136, 10.000,0.000,0.000, 1,0,8, ATTACK,-0.500
9,21, 0.936,0.495,-1.252, 10.000,0.000,0.000, 1,7,15, TURN_RIGHT_45,-0.050
9,22, 1.066,0.121,-1.376, 10.000,0.000,0.000, 1,0,8, TURN_LEFT_45,0.150
9,23, 1.210,0.000,-1.508, 10.000,0.000,0.000, 1,0,8, STRAFE_RIGHT,0.000
9,24, 1.320,0.000,-1.577, 10.000,0.000,0.000, 1,7,15, TURN_RIGHT_45,-0.050
9,25, 1.411,0.000,-1.610, 10.000,0.000,0.000, 1,7,15, ATTACK,-0.500
9,26, 1.487,0.000,-1.647, 10.000,0.000,0.000, 1,0,8, TURN_LEFT_45,0.150
9,27, 1.528,0.000,-1.687, 10.000,0.000,0.000, 1,0,8, SPRINT,0.000
9,28, 1.564,0.000,-1.723, 10.000,0.000,0.000, 1,7,15, TURN_RIGHT_45,-0.050
9,29, 1.584,0.000,-1.762, 10.000,0.000,0.000, 1,0,8, TURN_LEFT_45,0.150
9,30, 1.608,0.000,-1.797, 10.000,0.000,0.000, 1,7,15, TURN_RIGHT_45,-0.050
9,31, 1.635,0.420,-1.829, 10.000,0.000,0.000, 1,7,15, JUMP,-0.020
9,32, 1.660,0.753,-1.879, 10.000,0.000,0.000, 1,0,8, TURN_LEFT_45,0.150
9,33, 1.682,1.001,-1.943, 10.000,0.000,0.000, 1,0,8, JUMP,-0.020
9,34, 1.728,1.166,-2.021, 10.000,0.000,0.000, 1,0,8, SPRINT,0.000
9,35, 1.795,1.249,-2.111, 10.000,0.000,0.000, 1,0,8, ATTACK,-0.500
9,36, 1.887,1.252,-2.189, 10.000,0.000,0.000, 1,7,15, TURN_RIGHT_45,-0.050
9,37, 1.997,1.177,-2.280, 10.000,0.000,0.000, 1,0,8, TURN_LEFT_45,0.150
9,38, 2.096,1.024,-2.382, 10.000,0.000,0.000, 1,0,8, SPRINT,0.000
9,39, 2.201,0.797,-2.488, 10.000,0.000,0.000, 1,7,15, TURN_RIGHT_45,-0.050
9,40, 2.296,0.495,-2.604, 10.000,0.000,0.000, 1,0,8, TURN_LEFT_45,0.150
9,41, 2.396,0.121,-2.724, 10.000,0.000,0.000, 1,7,15, TURN_RIGHT_45,-0.050
9,42, 2.487,0.000,-2.852, 10.000,0.000,0.000, 1,0,8, TURN_LEFT_45,0.150
9,43, 2.562,0.000,-2.941, 10.000,0.000,0.000, 1,0,8, SPRINT,0.000
9,44, 2.634,0.000,-2.986, 10.000,0.000,0.000, 1,7,15, TURN_RIGHT_45,-0.050
9,45, 2.699,0.000,-3.030, 10.000,0.000,0.000, 1,1,9, TURN_LEFT_45,-0.050
9,46, 2.766,0.000,-3.050, 10.000,0.000,0.000, 1,0,8, TURN_RIGHT_45,0.150
9,47, 2.822,0.000,-3.035, 10.000,0.000,0.000, 1,7,15, TURN_RIGHT_45,-0.050
9,48, 2.884,0.000,-3.023, 10.000,0.000,0.000, 1,0,8, TURN_LEFT_45,0.150
9,49, 2.932,0.000,-3.030, 10.000,0.000,0.000, 1,0,8, SPRINT,0.000
9,50, 2.978,0.000,-3.034, 10.000,0.000,0.000, 1,7,15, TURN_RIGHT_45,-0.050
9,51, 3.022,0.000,-3.011, 10.000,0.000,0.000, 1,7,15, SPRINT,0.000
9,52, 3.078,0.000,-2.994, 10.000,0.000,0.000, 1,0,8, TURN_LEFT_45,0.150
9,53, 3.128,0.000,-2.960, 10.000,0.000,0.000, 1,7,15, TURN_RIGHT_45,-0.050
9,54, 3.186,0.000,-2.937, 10.000,0.000,0.000, 1,0,8, TURN_LEFT_45,0.150
9,55, 3.232,0.000,-2.938, 10.000,0.000,0.000, 1,0,8, SPRINT,0.000
9,56, 3.277,0.000,-2.939, 10.000,0.000,0.000, 1,7,15, TURN_RIGHT_45,-0.050
9,57, 3.315,0.000,-2.953, 10.000,0.000,0.000, 1,0,8, TURN_LEFT_45,0.150
9,58, 3.355,0.000,-2.961, 10.000,0.000,0.000, 1,7,15, TURN_RIGHT_45,-0.050
9,59, 3.396,0.000,-2.965, 10.000,0.000,0.000, 1,7,15, STRAFE_RIGHT,0.000
9,60, 3.433,0.000,-2.981, 10.000,0.000,0.000, 1,0,8, TURN_LEFT_45,0.150
9,61, 3.452,0.000,-3.017, 10.000,0.000,0.000, 1,0,8, MOVE_BACK,0.000
9,62, 3.463,0.000,-3.065, 10.000,0.000,0.000, 1,0,8, SPRINT,0.000
9,63, 3.489,0.000,-3.110, 10.000,0.000,0.000, 1,7,15, TURN_RIGHT_45,-0.050
9,64, 3.502,0.000,-3.162, 10.000,0.000,0.000, 1,0,8, TURN_LEFT_45,0.150
9,65, 3.510,0.000,-3.218, 10.000,0.000,0.000, 1,0,8, SPRINT,0.000
9,66, 3.514,0.000,-3.276, 10.000,0.000,0.000, 1,0,8, ATTACK,-0.500
9,67, 3.536,0.000,-3.327, 10.000,0.000,0.000, 1,7,15, TURN_RIGHT_45,-0.050
9,68, 3.548,0.000,-3.383, 10.000,0.000,0.000, 1,0,8, TURN_LEFT_45,0.150
9,69, 3.574,0.000,-3.432, 10.000,0.000,0.000, 1,7,15, TURN_RIGHT_45,-0.050
9,70, 3.588,0.000,-3.487, 10.000,0.000,0.000, 1,0,8, TURN_LEFT_45,0.150
9,71, 3.595,0.420,-3.544, 10.000,0.000,0.000, 1,0,8, JUMP,-0.020
9,72, 3.602,0.753,-3.624, 10.000,0.000,0.000, 1,0,8, SPRINT,0.000
9,73, 3.628,1.001,-3.716, 10.000,0.000,0.000, 1,7,15, TURN_RIGHT_45,-0.050
9,74, 3.671,1.166,-3.799, 10.000,0.000,0.000, 1,7,15, MOVE_BACK,0.000
9,75, 3.724,1.249,-3.889, 10.000,0.000,0.000, 1,0,8, TURN_LEFT_45,0.150
9,76, 3.786,1.252,-3.984, 10.000,0.000,0.000, 1,0,8, ATTACK,-0.500
9,77, 3.842,1.177,-4.091, 10.000,0.000,0.000, 1,1,9, TURN_LEFT_45,-0.050
9,78, 3.907,1.024,-4.201, 10.000,0.000,0.000, 1,0,8, TURN_RIGHT_45,0.150
9,79, 3.985,0.797,-4.302, 10.000,0.000,0.000, 1,7,15, TURN_RIGHT_45,-0.050
9,80, 4.071,0.495,-4.407, 10.000,0.000,0.000, 1,0,8, TURN_LEFT_45,0.150
9,81, 4.180,0.121,-4.499, 10.000,0.000,0.000, 1,0,8, SPRINT,0.000
9,82, 4.298,0.000,-4.557, 10.000,0.000,0.000, 1,7,15, TURN_RIGHT_45,-0.050
9,83, 4.395,0.000,-4.584, 10.000,0.000,0.000, 1,0,8, TURN_LEFT_45,0.150
9,84, 4.467,0.000,-4.574, 10.000,0.000,0.000, 1,7,15, TURN_RIGHT_45,-0.050
9,85, 4.502,0.000,-4.537, 10.000,0.000,0.000, 1,6,14, TURN_RIGHT_45,-0.050
9,86, 4.541,0.000,-4.492, 10.000,0.000,0.000, 1,7,15, TURN_LEFT_45,0.150
9,87, 4.594,0.000,-4.463, 10.000,0.000,0.000, 1,0,8, TURN_LEFT_45,0.150
9,88, 4.636,0.000,-4.460, 10.000,0.000,0.000, 1,0,8, SPRINT,0.000
9,89, 4.679,0.000,-4.459, 10.000,0.000,0.000, 1,7,15, TURN_RIGHT_45,-0.050
9,90, 4.716,0.000,-4.472, 10.000,0.000,0.000, 1,0,8, TURN_LEFT_45,0.150
9,91, 4.755,0.000,-4.480, 10.000,0.000,0.000, 1,7,15, TURN_RIGHT_45,-0.050
9,92, 4.791,0.000,-4.497, 10.000,0.000,0.000, 1,0,8, TURN_LEFT_45,0.150
9,93, 4.824,0.000,-4.521, 10.000,0.000,0.000, 1,0,8, ATTACK,-0.500
9,94, 4.873,0.000,-4.529, 10.000,0.000,0.000, 1,0,8, SPRINT,0.000
9,95, 4.920,0.000,-4.509, 10.000,0.000,0.000, 1,7,15, TURN_RIGHT_45,-0.050
9,96, 4.977,0.000,-4.493, 10.000,0.000,0.000, 1,0,8, TURN_LEFT_45,0.150
9,97, 5.028,0.000,-4.460, 10.000,0.000,0.000, 1,7,15, TURN_RIGHT_45,-0.050
9,98, 5.087,0.000,-4.437, 10.000,0.000,0.000, 1,0,8, TURN_LEFT_45,0.150